,<Ticker>,<DTYYYYMMDD>,<Open>,<High>,<Low>,<Close>,<Volume>
0,VCB,20230609,100000.0,102000.0,99000.0,100500.0,46500
1,VCB,20230608,97000.0,98300.0,97000.0,97900.0,139500
2,VCB,20230607,99000.0,99000.0,97000.0,97000.0,794600
3,VCB,20230606,98000.0,99000.0,96500.0,99000.0,779500
4,VCB,20230605,95200.0,98700.0,95200.0,98000.0,1362801
5,VCB,20230602,93900.0,95000.0,93300.0,94900.0,1457800
6,VCB,20230601,94600.0,94600.0,93200.0,93900.0,711300
7,VCB,20230531,93900.0,94100.0,93100.0,94000.0,420100
8,VCB,20230530,93100.0,94800.0,92400.0,94500.0,1307500
9,VCB,20230529,92000.0,95000.0,92000.0,93100.0,630500
10,VCB,20230526,93200.0,93500.0,92000.0,92000.0,1026700
11,VCB,20230525,92600.0,94000.0,91400.0,93200.0,626600
12,VCB,20230524,92800.0,92800.0,91900.0,92600.0,385200
13,VCB,20230523,93000.0,93600.0,92100.0,92800.0,568800
14,VCB,20230522,93000.0,93900.0,92200.0,93100.0,665300
15,VCB,20230519,94500.0,94900.0,92600.0,94200.0,609900
16,VCB,20230518,92900.0,96000.0,92200.0,95000.0,1894800
17,VCB,20230517,92500.0,93000.0,92300.0,92800.0,799400
18,VCB,20230516,92000.0,93100.0,91300.0,92600.0,901600
19,VCB,20230515,92000.0,93000.0,91200.0,91700.0,678901
20,VCB,20230512,91000.0,92800.0,90800.0,92800.0,893500
21,VCB,20230511,92000.0,92100.0,91000.0,91000.0,681600
22,VCB,20230510,91900.0,93000.0,91600.0,92000.0,820400
23,VCB,20230509,93000.0,93900.0,92300.0,92300.0,1019400
24,VCB,20230508,90000.0,93200.0,89800.0,93000.0,1563200
25,VCB,20230505,88500.0,89900.0,88200.0,89800.0,600500
26,VCB,20230504,90000.0,90000.0,88500.0,88500.0,559001
27,VCB,20230428,90000.0,90500.0,88800.0,90500.0,740700
28,VCB,20230427,88700.0,90500.0,88400.0,90000.0,721300
29,VCB,20230426,88000.0,89500.0,87900.0,89400.0,4045974
30,VCB,20230425,88200.0,88500.0,87500.0,88300.0,565800
31,VCB,20230424,88000.0,88500.0,87000.0,87900.0,585200
32,VCB,20230421,88000.0,88100.0,87400.0,87500.0,1056500
33,VCB,20230420,88800.0,88800.0,88000.0,88300.0,257800
34,VCB,20230419,88100.0,88700.0,88000.0,88500.0,492900
35,VCB,20230418,88300.0,88600.0,87500.0,88000.0,758100
36,VCB,20230417,88400.0,88500.0,87800.0,88400.0,524900
37,VCB,20230414,88300.0,89100.0,88200.0,88400.0,477800
38,VCB,20230413,88300.0,88500.0,87800.0,88200.0,567000
39,VCB,20230412,88300.0,88600.0,88000.0,88300.0,581400
40,VCB,20230411,89000.0,90000.0,88200.0,88200.0,827600
41,VCB,20230410,90000.0,90000.0,89000.0,89000.0,682300
42,VCB,20230407,91000.0,91100.0,89500.0,90000.0,843200
43,VCB,20230406,91500.0,92100.0,91200.0,91200.0,419300
44,VCB,20230405,92300.0,92300.0,91100.0,92100.0,432000
45,VCB,20230404,92800.0,92900.0,91600.0,92000.0,312900
46,VCB,20230403,91700.0,92900.0,91200.0,92800.0,812700
47,VCB,20230331,92800.0,93200.0,90500.0,91400.0,1033600
48,VCB,20230330,92300.0,93200.0,92000.0,92700.0,605700
49,VCB,20230329,92500.0,92500.0,90500.0,92300.0,422800
50,VCB,20230328,90800.0,92900.0,90100.0,91800.0,888800
51,VCB,20230327,89000.0,91000.0,88000.0,91000.0,826100
52,VCB,20230324,91000.0,91000.0,88900.0,89000.0,673000
53,VCB,20230323,88800.0,90700.0,87300.0,90700.0,1945500
54,VCB,20230322,86600.0,89900.0,86600.0,89000.0,1098800
55,VCB,20230321,85400.0,89900.0,85400.0,86500.0,1173400
56,VCB,20230320,89000.0,89500.0,85100.0,85100.0,1077000
57,VCB,20230317,91000.0,91100.0,89000.0,89000.0,2272200
58,VCB,20230316,91000.0,92000.0,89500.0,91000.0,806000
59,VCB,20230315,91600.0,92000.0,91100.0,91400.0,850800
60,VCB,20230314,91000.0,91200.0,90500.0,91000.0,906700
61,VCB,20230313,92000.0,92000.0,90800.0,91500.0,759200
62,VCB,20230310,92200.0,92500.0,91500.0,92100.0,773800
63,VCB,20230309,92000.0,93400.0,91700.0,93000.0,1118100
64,VCB,20230308,91000.0,92200.0,90700.0,92200.0,871900
65,VCB,20230307,91500.0,92500.0,91100.0,91900.0,1053300
66,VCB,20230306,91000.0,92200.0,91000.0,91000.0,711900
67,VCB,20230303,91800.0,92800.0,90900.0,90900.0,864600
68,VCB,20230302,93000.0,93800.0,91800.0,93200.0,984700
69,VCB,20230301,92300.0,93400.0,92200.0,93000.0,775700
70,VCB,20230228,93100.0,93700.0,92600.0,93500.0,625800
71,VCB,20230227,93000.0,93500.0,91700.0,92800.0,521000
72,VCB,20230224,93000.0,94000.0,90000.0,93500.0,691400
73,VCB,20230223,93000.0,94000.0,91200.0,93300.0,1045700
74,VCB,20230222,94200.0,94300.0,92500.0,93000.0,1071500
75,VCB,20230221,94200.0,94900.0,94000.0,94200.0,695500
76,VCB,20230220,93000.0,94500.0,93000.0,93800.0,1161000
77,VCB,20230217,93000.0,93300.0,92000.0,93000.0,949200
78,VCB,20230216,93000.0,94000.0,92200.0,92400.0,842600
79,VCB,20230215,92500.0,94200.0,91200.0,93000.0,899300
80,VCB,20230214,93500.0,93500.0,91200.0,92500.0,1178100
81,VCB,20230213,94800.0,95400.0,92000.0,93500.0,892700
82,VCB,20230210,94500.0,94500.0,92800.0,94500.0,713700
83,VCB,20230209,93800.0,95000.0,93000.0,93000.0,840300
84,VCB,20230208,92100.0,96200.0,92100.0,94200.0,950800
85,VCB,20230207,95300.0,95500.0,92000.0,92000.0,1469200
86,VCB,20230206,92600.0,96300.0,91500.0,96000.0,1430100
87,VCB,20230203,90300.0,93000.0,89100.0,93000.0,933400
88,VCB,20230202,88600.0,92000.0,88600.0,90600.0,1030600
89,VCB,20230201,92000.0,92500.0,89100.0,89100.0,1136400
90,VCB,20230131,89900.0,91900.0,87800.0,91900.0,1533700
91,VCB,20230130,92100.0,92500.0,89800.0,89900.0,1045000
92,VCB,20230127,93000.0,94600.0,91500.0,93000.0,1585800
93,VCB,20230119,89500.0,96000.0,87500.0,93000.0,1776800
94,VCB,20230118,90000.0,91000.0,89400.0,90000.0,884000
95,VCB,20230117,88500.0,89400.0,87300.0,89400.0,644600
96,VCB,20230116,86000.0,88500.0,86000.0,87300.0,1034000
97,VCB,20230113,85200.0,86500.0,85200.0,85800.0,822000
98,VCB,20230112,85200.0,85200.0,83800.0,84800.0,1965000
99,VCB,20230111,87300.0,87300.0,85100.0,85100.0,1313000
100,VCB,20230110,86200.0,89900.0,86200.0,87300.0,2198500
101,VCB,20230109,85800.0,86900.0,84800.0,86900.0,1667100
102,VCB,20230106,84000.0,84800.0,83900.0,84000.0,1261500
103,VCB,20230105,82800.0,84000.0,82500.0,84000.0,1078600
104,VCB,20230104,82900.0,82900.0,81800.0,82800.0,973900
105,VCB,20230103,80200.0,82600.0,80200.0,82600.0,1089800
106,VCB,20221230,82900.0,83100.0,80000.0,80000.0,1510900
107,VCB,20221229,82300.0,82500.0,80500.0,80700.0,1373400
108,VCB,20221228,80400.0,82000.0,79500.0,80000.0,1173500
109,VCB,20221227,80200.0,80500.0,78900.0,79100.0,1194000
110,VCB,20221226,79200.0,80800.0,78900.0,78900.0,1203600
111,VCB,20221223,80200.0,81200.0,79100.0,79100.0,1385200
112,VCB,20221222,79500.0,81100.0,79300.0,79300.0,1100300
113,VCB,20221221,81400.0,81400.0,78700.0,78700.0,962000
114,VCB,20221220,79700.0,82000.0,79000.0,79000.0,1560400
115,VCB,20221219,80000.0,81000.0,79000.0,79200.0,757500
116,VCB,20221216,79500.0,82900.0,78900.0,79700.0,3410700
117,VCB,20221215,78800.0,80700.0,78600.0,79500.0,1250400
118,VCB,20221214,79700.0,79700.0,78500.0,78800.0,1246300
119,VCB,20221213,78100.0,79300.0,77900.0,78200.0,2232500
120,VCB,20221212,78800.0,80500.0,77400.0,77400.0,2405700
121,VCB,20221209,78400.0,79200.0,77100.0,77300.0,1750100
122,VCB,20221208,79000.0,81000.0,77000.0,77000.0,2479700
123,VCB,20221207,80000.0,82000.0,78000.0,78500.0,1589800
124,VCB,20221206,85000.0,85200.0,80000.0,80000.0,1378000
125,VCB,20221205,84100.0,87000.0,82500.0,85000.0,1664000
126,VCB,20221202,79900.0,85000.0,79300.0,85000.0,1377300
127,VCB,20221201,80900.0,81400.0,79200.0,80000.0,1178900
128,VCB,20221130,80300.0,81000.0,77000.0,81000.0,1458600
129,VCB,20221129,76000.0,79800.0,76000.0,79800.0,1707400
130,VCB,20221128,74500.0,77000.0,73800.0,76700.0,2356900
131,VCB,20221125,73100.0,73600.0,72800.0,73100.0,1875100
132,VCB,20221124,73500.0,74000.0,72500.0,73000.0,1135000
133,VCB,20221123,73000.0,73500.0,72400.0,73500.0,1773000
134,VCB,20221122,74500.0,76000.0,72500.0,73500.0,1936000
135,VCB,20221121,76500.0,76500.0,75000.0,75000.0,1224900
136,VCB,20221118,75900.0,76900.0,73600.0,76500.0,1564800
137,VCB,20221117,76100.0,76600.0,75500.0,76500.0,1845700
138,VCB,20221116,70300.0,78000.0,70300.0,75100.0,3319800
139,VCB,20221115,74400.0,76400.0,72100.0,75000.0,2001800
140,VCB,20221114,75500.0,76500.0,74100.0,75100.0,1836500
141,VCB,20221111,73000.0,75500.0,73000.0,75500.0,1931600
142,VCB,20221110,73900.0,73900.0,71600.0,72800.0,1517500
143,VCB,20221109,73500.0,74200.0,72600.0,74000.0,1214800
144,VCB,20221108,72000.0,75000.0,71600.0,72600.0,2258900
145,VCB,20221107,71800.0,73000.0,71100.0,71800.0,1760000
146,VCB,20221104,71500.0,72500.0,68900.0,71800.0,1578000
147,VCB,20221103,72000.0,73400.0,72000.0,73000.0,754600
148,VCB,20221102,74000.0,74500.0,72000.0,73600.0,1255100
149,VCB,20221101,74000.0,75000.0,73300.0,75000.0,826100
150,VCB,20221031,73500.0,73500.0,72500.0,73500.0,659400
151,VCB,20221028,72500.0,74500.0,71600.0,71600.0,1561000
152,VCB,20221027,70500.0,72900.0,69300.0,71700.0,1297800
153,VCB,20221026,70600.0,70600.0,68500.0,70000.0,651400
154,VCB,20221025,66000.0,70600.0,66000.0,69900.0,1694200
155,VCB,20221024,69500.0,69500.0,65800.0,68000.0,874100
156,VCB,20221021,69200.0,70700.0,68000.0,68000.0,1454700
157,VCB,20221020,67900.0,70000.0,67100.0,69200.0,1577282
158,VCB,20221019,67900.0,68000.0,67300.0,67900.0,696400
159,VCB,20221018,68000.0,68000.0,67300.0,67700.0,905000
160,VCB,20221017,67300.0,68000.0,65500.0,66300.0,1301400
161,VCB,20221014,68500.0,68500.0,67300.0,68100.0,1838300
162,VCB,20221013,64100.0,66500.0,62700.0,66500.0,1666800
163,VCB,20221012,63000.0,65300.0,62200.0,64000.0,1586400
164,VCB,20221011,65300.0,66000.0,62000.0,62000.0,1531700
165,VCB,20221010,66500.0,67700.0,64100.0,65100.0,1366000
166,VCB,20221007,69600.0,69600.0,65300.0,66700.0,2203700
167,VCB,20221006,72000.0,72000.0,69900.0,70100.0,865600
168,VCB,20221005,71400.0,72000.0,71100.0,71500.0,929000
169,VCB,20221004,70000.0,71900.0,69500.0,71300.0,1280900
170,VCB,20221003,73500.0,73800.0,70300.0,70600.0,919900
171,VCB,20220930,73200.0,74300.0,72400.0,73200.0,1776400
172,VCB,20220929,76000.0,76000.0,74000.0,74000.0,587800
173,VCB,20220928,74000.0,75000.0,73800.0,75000.0,587700
174,VCB,20220927,76000.0,76000.0,74200.0,74300.0,673400
175,VCB,20220926,75100.0,77000.0,74100.0,75000.0,1734900
176,VCB,20220923,77200.0,77700.0,75800.0,75900.0,1054100
177,VCB,20220922,77700.0,78600.0,77500.0,78000.0,1255000
178,VCB,20220921,79300.0,79600.0,77900.0,78900.0,1519200
179,VCB,20220920,78800.0,80000.0,78600.0,79200.0,521200
180,VCB,20220919,79000.0,80200.0,78000.0,78800.0,1030500
181,VCB,20220916,79300.0,80000.0,78500.0,80000.0,1519200
182,VCB,20220915,78500.0,79300.0,78100.0,79200.0,804200
183,VCB,20220914,77200.0,79500.0,77000.0,78300.0,1085800
184,VCB,20220913,79400.0,79400.0,78600.0,78600.0,2154900
185,VCB,20220912,79600.0,79700.0,78800.0,79100.0,1025800
186,VCB,20220909,78500.0,79300.0,78200.0,78800.0,2704640
187,VCB,20220908,80900.0,80900.0,78000.0,78000.0,1424300
188,VCB,20220907,82000.0,82500.0,79800.0,80000.0,2365300
189,VCB,20220906,82600.0,84000.0,82100.0,82700.0,1027300
190,VCB,20220905,84000.0,84300.0,82500.0,82600.0,1582800
191,VCB,20220831,86000.0,86500.0,84000.0,84000.0,1127900
192,VCB,20220830,82500.0,86000.0,82500.0,86000.0,2562800
193,VCB,20220829,81400.0,82500.0,80900.0,82500.0,1063500
194,VCB,20220826,82000.0,83700.0,82000.0,82500.0,1594500
195,VCB,20220825,82200.0,82200.0,81300.0,82000.0,630800
196,VCB,20220824,81200.0,82900.0,80300.0,82000.0,1135700
197,VCB,20220823,80000.0,81300.0,79900.0,80200.0,813000
198,VCB,20220822,80100.0,81500.0,80000.0,80000.0,617800
199,VCB,20220819,80600.0,82000.0,80600.0,80900.0,1200000
200,VCB,20220818,81300.0,82000.0,81200.0,81500.0,1713600
201,VCB,20220817,81200.0,81700.0,81200.0,81500.0,851000
202,VCB,20220816,82000.0,82000.0,81100.0,81500.0,1016700
203,VCB,20220815,82000.0,82300.0,81700.0,81800.0,1319500
204,VCB,20220812,81500.0,81900.0,80900.0,81600.0,1398800
205,VCB,20220811,81300.0,82000.0,80600.0,81500.0,1223500
206,VCB,20220810,80100.0,81000.0,80100.0,80500.0,547500
207,VCB,20220809,82000.0,82000.0,79900.0,80800.0,1304900
208,VCB,20220808,82000.0,82500.0,81900.0,82000.0,967000
209,VCB,20220805,82000.0,82400.0,81100.0,82000.0,1395800
210,VCB,20220804,79500.0,82500.0,79400.0,82500.0,2348100
211,VCB,20220803,78300.0,79500.0,78000.0,79500.0,1857700
212,VCB,20220802,77000.0,79200.0,76000.0,78900.0,1777800
213,VCB,20220801,74700.0,77000.0,74400.0,77000.0,1664300
214,VCB,20220729,75400.0,75500.0,74700.0,74700.0,2499000
215,VCB,20220728,75400.0,75600.0,74800.0,75300.0,1193800
216,VCB,20220727,74000.0,75000.0,73700.0,75000.0,1369900
217,VCB,20220726,73200.0,74400.0,73200.0,73900.0,1119800
218,VCB,20220725,72400.0,73200.0,72000.0,72900.0,991700
219,VCB,20220722,72100.0,72700.0,72000.0,72500.0,1119600
220,VCB,20220721,72500.0,72900.0,72100.0,72500.0,1164600
221,VCB,20220720,71600.0,72500.0,71600.0,72500.0,573900
222,VCB,20220719,72000.0,72100.0,71100.0,71300.0,922100
223,VCB,20220718,72500.0,72900.0,72000.0,72000.0,391400
224,VCB,20220715,72100.0,73500.0,72100.0,72300.0,626500
225,VCB,20220714,71800.0,72800.0,71600.0,72400.0,439400
226,VCB,20220713,71800.0,73400.0,71400.0,71800.0,1379900
227,VCB,20220712,72100.0,72600.0,71700.0,71900.0,840500
228,VCB,20220711,73300.0,73500.0,72000.0,72000.0,756800
229,VCB,20220708,74900.0,75000.0,73900.0,74000.0,761000
230,VCB,20220707,72700.0,75500.0,71700.0,75500.0,1287400
231,VCB,20220706,73700.0,73900.0,68900.0,72800.0,1644200
232,VCB,20220705,74900.0,74900.0,73600.0,74000.0,1064500
233,VCB,20220704,74900.0,75200.0,73900.0,74100.0,786200
234,VCB,20220701,74500.0,75000.0,72900.0,74000.0,1383000
235,VCB,20220630,75500.0,76000.0,74800.0,74800.0,794468
236,VCB,20220629,75800.0,75900.0,75300.0,75500.0,1387500
237,VCB,20220628,75000.0,77000.0,74800.0,76300.0,1095800
238,VCB,20220627,75500.0,76000.0,74800.0,74900.0,958500
239,VCB,20220624,76200.0,76300.0,74600.0,75000.0,688600
240,VCB,20220623,75100.0,76700.0,74900.0,75900.0,590200
241,VCB,20220622,77900.0,78000.0,75000.0,76000.0,2165200
242,VCB,20220621,76000.0,77700.0,75200.0,77700.0,977100
243,VCB,20220620,79500.0,79500.0,75300.0,76000.0,1089700
244,VCB,20220617,77000.0,78300.0,76100.0,76100.0,1071600
245,VCB,20220616,76700.0,80000.0,76500.0,79100.0,1324600
246,VCB,20220615,77400.0,78300.0,75300.0,76500.0,1243600
247,VCB,20220614,75500.0,78100.0,74000.0,77000.0,1087200
248,VCB,20220613,77000.0,77000.0,74100.0,76400.0,1220800
249,VCB,20220610,77800.0,79000.0,77400.0,77700.0,390900
250,VCB,20220609,79000.0,79900.0,77700.0,77800.0,1067500
251,VCB,20220608,81000.0,81000.0,78800.0,79200.0,1219700
252,VCB,20220607,79000.0,82000.0,78100.0,81000.0,1014000
253,VCB,20220606,77500.0,80000.0,75100.0,79700.0,880500
254,VCB,20220603,78400.0,79500.0,76400.0,77500.0,582800
255,VCB,20220602,80800.0,80800.0,79000.0,79000.0,742483
256,VCB,20220601,79000.0,80500.0,79000.0,80500.0,798800
257,VCB,20220531,78900.0,78900.0,78000.0,78900.0,1188700
258,VCB,20220530,77400.0,81000.0,76400.0,78000.0,1408400
259,VCB,20220527,76700.0,77400.0,76300.0,77400.0,892000
260,VCB,20220526,77000.0,77100.0,76000.0,76700.0,1033900
261,VCB,20220525,76000.0,77000.0,74800.0,77000.0,898000
262,VCB,20220524,74900.0,75700.0,74300.0,75600.0,898700
263,VCB,20220523,75600.0,75600.0,73600.0,74400.0,686600
264,VCB,20220520,75100.0,76500.0,75000.0,75300.0,742800
265,VCB,20220519,75000.0,76700.0,74800.0,76000.0,575800
266,VCB,20220518,77000.0,77000.0,75000.0,75400.0,936000
267,VCB,20220517,74200.0,77000.0,73100.0,76000.0,2346300
268,VCB,20220516,75500.0,76400.0,74000.0,74200.0,1558800
269,VCB,20220513,77000.0,78000.0,73000.0,73000.0,1983664
270,VCB,20220512,79000.0,79900.0,77000.0,77000.0,1016300
271,VCB,20220511,80000.0,80300.0,79000.0,80000.0,1026300
272,VCB,20220510,77100.0,80000.0,77100.0,80000.0,926000
273,VCB,20220509,78800.0,80400.0,77800.0,77900.0,1718200
274,VCB,20220506,79700.0,81200.0,79400.0,79400.0,1330900
275,VCB,20220505,80500.0,81500.0,79600.0,81000.0,1019300
276,VCB,20220504,80900.0,81000.0,79000.0,79900.0,936600
277,VCB,20220429,81400.0,82300.0,80000.0,80900.0,28854200
278,VCB,20220428,81500.0,81600.0,79500.0,81500.0,564100
279,VCB,20220427,79900.0,82000.0,78200.0,81500.0,2334900
280,VCB,20220426,79000.0,80500.0,79000.0,80500.0,2507000
281,VCB,20220425,82200.0,83000.0,77000.0,81800.0,2879400
282,VCB,20220422,79100.0,82600.0,79100.0,82200.0,4820600
283,VCB,20220421,78400.0,79200.0,78200.0,78400.0,2178200
284,VCB,20220420,78000.0,78900.0,77700.0,78400.0,904600
285,VCB,20220419,77800.0,78500.0,77600.0,77700.0,1047400
286,VCB,20220418,80000.0,80200.0,77600.0,77700.0,1292300
287,VCB,20220415,81200.0,81500.0,80200.0,80200.0,934800
288,VCB,20220414,82400.0,82900.0,81000.0,81000.0,1175400
289,VCB,20220413,83000.0,83100.0,82000.0,82400.0,905700
290,VCB,20220412,83000.0,83200.0,81600.0,82400.0,881300
291,VCB,20220408,83900.0,83900.0,82900.0,83000.0,812200
292,VCB,20220407,84900.0,85200.0,83000.0,83000.0,983000
293,VCB,20220406,82900.0,85000.0,81700.0,84600.0,2009600
294,VCB,20220405,82800.0,83200.0,82600.0,83000.0,526100
295,VCB,20220404,83200.0,84100.0,82600.0,82600.0,792000
296,VCB,20220401,82100.0,83600.0,81100.0,82800.0,984300
297,VCB,20220331,82000.0,82600.0,82000.0,82100.0,492400
298,VCB,20220330,81800.0,83500.0,81500.0,82000.0,968900
299,VCB,20220329,82400.0,83000.0,81600.0,81900.0,1048600
300,VCB,20220328,83000.0,83000.0,82000.0,82400.0,779400
301,VCB,20220325,84000.0,84000.0,82000.0,82500.0,1192800
302,VCB,20220324,84900.0,84900.0,83500.0,83500.0,600200
303,VCB,20220323,84900.0,85600.0,84900.0,84900.0,1020600
304,VCB,20220322,84900.0,85500.0,84900.0,84900.0,1009600
305,VCB,20220321,84200.0,85500.0,84000.0,84900.0,963900
306,VCB,20220318,83100.0,85200.0,82900.0,84200.0,1436600
307,VCB,20220317,83000.0,83500.0,82700.0,83000.0,1301400
308,VCB,20220316,81300.0,83200.0,81300.0,82500.0,1030600
309,VCB,20220315,84000.0,84100.0,81000.0,81100.0,2415900
310,VCB,20220314,83300.0,84200.0,83200.0,84200.0,1517200
311,VCB,20220311,83700.0,83900.0,83000.0,83800.0,906100
312,VCB,20220310,83000.0,83700.0,82900.0,83500.0,1184100
313,VCB,20220309,81800.0,83100.0,81700.0,83000.0,1404300
314,VCB,20220308,83800.0,84500.0,81500.0,81500.0,2966300
315,VCB,20220307,84300.0,84900.0,83900.0,84900.0,1782800
316,VCB,20220304,85200.0,85500.0,84800.0,84900.0,1137100
317,VCB,20220303,85000.0,85500.0,84700.0,85500.0,1052200
318,VCB,20220302,85600.0,85600.0,84200.0,85000.0,1715600
319,VCB,20220301,84500.0,85400.0,84100.0,85000.0,1374400
320,VCB,20220228,85100.0,85100.0,84400.0,84500.0,1322100
321,VCB,20220225,85300.0,85900.0,85000.0,85100.0,1676500
322,VCB,20220224,86700.0,86800.0,85000.0,85300.0,2157700
323,VCB,20220223,87000.0,87000.0,85800.0,86900.0,986300
324,VCB,20220222,87000.0,87000.0,85000.0,86800.0,1600200
325,VCB,20220221,86600.0,87600.0,86600.0,87400.0,1096900
326,VCB,20220218,86400.0,87500.0,86400.0,87200.0,1066200
327,VCB,20220217,87000.0,87700.0,86800.0,87500.0,1491200
328,VCB,20220216,87500.0,87900.0,86400.0,87000.0,1365000
329,VCB,20220215,86000.0,88300.0,83800.0,87000.0,2453500
330,VCB,20220214,88100.0,88800.0,86000.0,86000.0,3709138
331,VCB,20220211,91300.0,91600.0,90000.0,90000.0,17258100
332,VCB,20220210,91100.0,93400.0,91000.0,91300.0,1827200
333,VCB,20220209,91200.0,91900.0,90300.0,90800.0,1612900
334,VCB,20220208,92400.0,92400.0,90100.0,92000.0,1225400
335,VCB,20220207,90600.0,92900.0,89500.0,92400.0,1725600
336,VCB,20220128,91000.0,92000.0,89000.0,89000.0,2140700
337,VCB,20220127,93000.0,94500.0,90400.0,91000.0,1732900
338,VCB,20220126,95800.0,95800.0,92600.0,94500.0,2523500
339,VCB,20220125,92500.0,96000.0,89000.0,95800.0,2396600
340,VCB,20220124,89400.0,93500.0,88200.0,93000.0,2728300
341,VCB,20220121,86900.0,90000.0,86100.0,89200.0,2611300
342,VCB,20220120,85200.0,87500.0,83100.0,87100.0,2794300
343,VCB,20220119,87500.0,87500.0,85000.0,86800.0,1414800
344,VCB,20220118,85500.0,87600.0,84000.0,87600.0,1735600
345,VCB,20220117,83000.0,88000.0,82300.0,86200.0,2668530
346,VCB,20220114,81900.0,83400.0,81000.0,83400.0,1552100
347,VCB,20220113,80500.0,84400.0,80200.0,81900.0,2571800
348,VCB,20220112,79400.0,80000.0,78000.0,80000.0,2301500
349,VCB,20220111,80000.0,80000.0,78500.0,79400.0,1081700
350,VCB,20220110,79700.0,79900.0,78500.0,79500.0,1156000
351,VCB,20220107,79600.0,79900.0,78200.0,79800.0,966200
352,VCB,20220106,78600.0,79900.0,77900.0,79100.0,1215600
353,VCB,20220105,79000.0,80400.0,78000.0,78000.0,1692100
354,VCB,20220104,79000.0,79400.0,78000.0,79000.0,1133800
355,VCB,20211231,79000.0,79200.0,78400.0,78800.0,422000
356,VCB,20211230,79800.0,79900.0,77700.0,78400.0,1009300
357,VCB,20211229,79500.0,79800.0,79100.0,79500.0,440000
358,VCB,20211228,80000.0,81000.0,78000.0,80000.0,2368800
359,VCB,20211227,78900.0,80300.0,77900.0,79800.0,934100
360,VCB,20211224,76800.0,78500.0,76800.0,78500.0,849400
361,VCB,20211223,77500.0,78900.0,76500.0,76500.0,1489000
362,VCB,20211222,77000.0,77800.0,76600.0,76900.0,1915300
363,VCB,20211221,76644.81712943595,77264.16918704756,76257.7220934287,76567.3981222345,774100
364,VCB,20211220,76257.7220934287,77031.91216544321,75948.0460646229,77031.91216544321,841900
365,VCB,20211217,77419.00720145045,77419.00720145045,74709.34194939969,74709.34194939969,3475700
366,VCB,20211216,78038.35925906205,78038.35925906205,75948.0460646229,76722.23613663741,1047100
367,VCB,20211215,77031.91216544321,77960.94025186061,76644.81712943595,77341.58819424901,837300
368,VCB,20211214,77109.33117264466,77806.10223745772,76722.23613663741,76877.0741510403,862300
369,VCB,20211213,78967.38734547947,78967.38734547947,76799.65514383886,77109.33117264466,1098000
370,VCB,20211210,78193.19727346496,79586.73940309107,77341.58819424901,77419.00720145045,1934200
371,VCB,20211209,75406.11301421275,76954.49315824175,75328.69400701129,76799.65514383886,960000
372,VCB,20211208,75870.62705742144,76954.49315824175,75870.62705742144,76412.5601078316,507500
373,VCB,20211207,74399.66592059389,76954.49315824175,74399.66592059389,76025.46507182435,873000
374,VCB,20211206,75870.62705742144,77419.00720145045,73857.73287018374,73857.73287018374,1091600
375,VCB,20211203,76799.65514383886,78038.35925906205,75483.5320214142,75870.62705742144,795900
376,VCB,20211202,77651.26422305481,78038.35925906205,76489.97911503306,76722.23613663741,787700
377,VCB,20211201,76954.49315824175,78580.29230947222,76102.8840790258,76644.81712943595,634500
378,VCB,20211130,80515.76748950848,80515.76748950848,76567.3981222345,76567.3981222345,1336500
379,VCB,20211129,79973.83443909833,81212.53855432152,78193.19727346496,78270.6162806664,851000
380,VCB,20211126,82606.08068394764,83767.3657919694,80515.76748950848,81289.95756152298,962600
381,VCB,20211125,81289.95756152298,83612.52777756649,80980.28153271718,82915.75671275344,1557500
382,VCB,20211124,76799.65514383886,81754.47160473168,76799.65514383886,81135.11954712008,1883300
383,VCB,20211123,76644.81712943595,76722.23613663741,76025.46507182435,76722.23613663741,658200
384,VCB,20211122,75328.69400701129,76567.3981222345,75173.8559926084,76489.97911503306,1078900
385,VCB,20211119,75251.27499980984,75793.20805022,75173.8559926084,75173.8559926084,413000
386,VCB,20211118,76102.8840790258,76102.8840790258,75096.43698540694,75096.43698540694,818700
387,VCB,20211117,75251.27499980984,75948.0460646229,75251.27499980984,75870.62705742144,850300
388,VCB,20211116,75638.37003581709,76257.7220934287,75096.43698540694,75251.27499980984,706300
389,VCB,20211115,76102.8840790258,76644.81712943595,75251.27499980984,75638.37003581709,834700
390,VCB,20211112,76102.8840790258,76102.8840790258,75483.5320214142,76025.46507182435,676800
391,VCB,20211111,75715.78904301855,76877.0741510403,75096.43698540694,76102.8840790258,1115600
392,VCB,20211110,75173.8559926084,76025.46507182435,74941.59897100404,75560.95102861564,877100
393,VCB,20211109,75870.62705742144,76335.14110063015,75096.43698540694,75173.8559926084,1434400
394,VCB,20211108,75948.0460646229,76180.30308622724,75483.5320214142,76025.46507182435,1206200
395,VCB,20211105,75483.5320214142,76644.81712943595,75096.43698540694,75483.5320214142,1576000
396,VCB,20211104,76412.5601078316,76489.97911503306,75251.27499980984,76180.30308622724,989400
397,VCB,20211103,75638.37003581709,76489.97911503306,75328.69400701129,76412.5601078316,2358300
398,VCB,20211102,75406.11301421275,75870.62705742144,75328.69400701129,75793.20805022,808300
399,VCB,20211101,75948.0460646229,76025.46507182435,75096.43698540694,75096.43698540694,1077500
400,VCB,20211029,75328.69400701129,76180.30308622724,75019.01797820549,75870.62705742144,1304800
401,VCB,20211028,74786.76095660114,75793.20805022,74399.66592059389,75793.20805022,1858200
402,VCB,20211027,73238.38081257213,74709.34194939969,73006.12379096779,74399.66592059389,1465800
403,VCB,20211026,72851.28577656488,73238.38081257213,72464.19074055763,72773.86676936343,735000
404,VCB,20211025,74244.82790619099,74244.82790619099,72851.28577656488,72851.28577656488,800600
405,VCB,20211022,73548.05684137794,73548.05684137794,72773.86676936343,73006.12379096779,322000
406,VCB,20211021,73857.73287018374,74322.24691339243,72773.86676936343,72773.86676936343,1329100
407,VCB,20211020,74631.92294219825,74864.1799638026,72773.86676936343,73548.05684137794,1561000
408,VCB,20211019,74399.66592059389,74709.34194939969,73702.89485578083,74631.92294219825,918300
409,VCB,20211018,74554.50393499678,75096.43698540694,73548.05684137794,74322.24691339243,1350900
410,VCB,20211015,74941.59897100404,75328.69400701129,74709.34194939969,74709.34194939969,731500
411,VCB,20211014,75096.43698540694,75251.27499980984,74244.82790619099,74864.1799638026,1866700
412,VCB,20211013,75793.20805022,75870.62705742144,75096.43698540694,75096.43698540694,1555800
413,VCB,20211012,76102.8840790258,76102.8840790258,75096.43698540694,75096.43698540694,913500
414,VCB,20211011,75096.43698540694,76180.30308622724,74941.59897100404,75483.5320214142,1178000
415,VCB,20211008,74786.76095660114,75096.43698540694,74012.57088458663,75096.43698540694,785500
416,VCB,20211007,74012.57088458663,74941.59897100404,73548.05684137794,74941.59897100404,847200
417,VCB,20211006,74012.57088458663,74012.57088458663,73393.21882697503,74012.57088458663,773200
418,VCB,20211005,73625.47584857939,74399.66592059389,73625.47584857939,74012.57088458663,1061700
419,VCB,20211004,74322.24691339243,74709.34194939969,73083.54279816923,73238.38081257213,959300
420,VCB,20211001,75328.69400701129,76025.46507182435,74167.40889898954,74244.82790619099,3061848
421,VCB,20210930,76257.7220934287,76335.14110063015,75173.8559926084,75251.27499980984,1287900
422,VCB,20210929,77031.91216544321,77031.91216544321,75483.5320214142,76257.7220934287,565000
423,VCB,20210928,75715.78904301855,76877.0741510403,75483.5320214142,76799.65514383886,566500
424,VCB,20210927,77031.91216544321,77186.7501798461,75870.62705742144,75870.62705742144,518900
425,VCB,20210924,77031.91216544321,77264.16918704756,76877.0741510403,77031.91216544321,454700
426,VCB,20210923,77109.33117264466,77728.68323025625,76257.7220934287,77031.91216544321,758000
427,VCB,20210922,76180.30308622724,77031.91216544321,75870.62705742144,77031.91216544321,916200
428,VCB,20210921,77031.91216544321,77264.16918704756,75870.62705742144,75870.62705742144,862000
429,VCB,20210920,75328.69400701129,78193.19727346496,75328.69400701129,77109.33117264466,2359900
430,VCB,20210917,75483.5320214142,76180.30308622724,75251.27499980984,75251.27499980984,1023200
431,VCB,20210916,76567.3981222345,76567.3981222345,75483.5320214142,75948.0460646229,570400
432,VCB,20210915,76102.8840790258,76102.8840790258,75173.8559926084,75173.8559926084,880500
433,VCB,20210914,75948.0460646229,76257.7220934287,75096.43698540694,76102.8840790258,2751500
434,VCB,20210913,76489.97911503306,76644.81712943595,75948.0460646229,75948.0460646229,1043100
435,VCB,20210910,77264.16918704756,77264.16918704756,76335.14110063015,76799.65514383886,939800
436,VCB,20210909,77186.7501798461,77496.4262086519,76335.14110063015,76877.0741510403,838200
437,VCB,20210908,77419.00720145045,77496.4262086519,74941.59897100404,77186.7501798461,928000
438,VCB,20210907,77341.58819424901,78038.35925906205,77264.16918704756,77419.00720145045,1123800
439,VCB,20210906,76954.49315824175,77496.4262086519,76954.49315824175,77419.00720145045,978700
440,VCB,20210901,76954.49315824175,77341.58819424901,74322.24691339243,76954.49315824175,907500
441,VCB,20210831,77031.91216544321,77341.58819424901,76102.8840790258,76954.49315824175,1013900
442,VCB,20210830,76180.30308622724,76954.49315824175,75715.78904301855,76877.0741510403,1542495
443,VCB,20210827,74322.24691339243,76257.7220934287,74322.24691339243,75715.78904301855,1106600
444,VCB,20210826,75715.78904301855,76644.81712943595,74941.59897100404,74941.59897100404,1158900
445,VCB,20210825,75096.43698540694,76644.81712943595,74941.59897100404,75483.5320214142,1119200
446,VCB,20210824,76799.65514383886,76799.65514383886,74709.34194939969,75096.43698540694,1090100
447,VCB,20210823,76644.81712943595,77419.00720145045,74786.76095660114,75328.69400701129,2136200
448,VCB,20210820,78348.03528786787,78889.96833827802,76954.49315824175,77496.4262086519,1860500
449,VCB,20210819,77960.94025186061,79741.57741749397,77264.16918704756,79586.73940309107,2617600
450,VCB,20210818,78193.19727346496,79354.48238148671,77186.7501798461,78193.19727346496,1848000
451,VCB,20210817,79354.48238148671,79741.57741749397,78193.19727346496,78193.19727346496,1930700
452,VCB,20210816,77109.33117264466,77883.52124465916,76644.81712943595,77883.52124465916,2053400
453,VCB,20210813,77341.58819424901,77341.58819424901,76102.8840790258,77109.33117264466,1568900
454,VCB,20210812,77806.10223745772,78038.35925906205,77031.91216544321,77341.58819424901,1048600
455,VCB,20210811,76877.0741510403,78735.13032387511,76722.23613663741,77806.10223745772,1711800
456,VCB,20210810,76644.81712943595,76799.65514383886,76257.7220934287,76644.81712943595,1597400
457,VCB,20210809,75948.0460646229,76567.3981222345,75638.37003581709,76102.8840790258,1290900
458,VCB,20210806,77264.16918704756,77264.16918704756,75948.0460646229,75948.0460646229,1114400
459,VCB,20210805,75870.62705742144,77031.91216544321,75793.20805022,76954.49315824175,1127700
460,VCB,20210804,76799.65514383886,76877.0741510403,75948.0460646229,76257.7220934287,1222300
461,VCB,20210803,75173.8559926084,76489.97911503306,75096.43698540694,76489.97911503306,1265700
462,VCB,20210802,75096.43698540694,76412.5601078316,74631.92294219825,75096.43698540694,1395000
463,VCB,20210730,75328.69400701129,76489.97911503306,75251.27499980984,75870.62705742144,1564600
464,VCB,20210729,75406.11301421275,75793.20805022,75096.43698540694,75793.20805022,1191800
465,VCB,20210728,73625.47584857939,75096.43698540694,73625.47584857939,75096.43698540694,1490800
466,VCB,20210727,75483.5320214142,75560.95102861564,73548.05684137794,73548.05684137794,2686200
467,VCB,20210726,74709.34194939969,75483.5320214142,74089.9898917881,74322.24691339243,1294200
468,VCB,20210723,76877.0741510403,77264.16918704756,75096.43698540694,75096.43698540694,1744300
469,VCB,20210722,76567.3981222345,77960.94025186061,75870.62705742144,77651.26422305481,1500800
470,VCB,20210721,77031.91216544321,77806.10223745772,76102.8840790258,76644.81712943595,1463700
471,VCB,20210720,75715.78904301855,78193.19727346496,72386.77173335617,77573.84521585336,2652500
472,VCB,20210719,77419.00720145045,77573.84521585336,74244.82790619099,75096.43698540694,2689700
473,VCB,20210716,79354.48238148671,80051.25344629977,78193.19727346496,79354.48238148671,1617300
474,VCB,20210715,77573.84521585336,80902.86252551572,77573.84521585336,79354.48238148671,2339400
475,VCB,20210714,80051.25344629977,80128.67245350122,77419.00720145045,78812.54933107656,2316700
476,VCB,20210713,82760.91869835054,82760.91869835054,79044.80635268091,80051.25344629977,2356600
477,VCB,20210712,84773.81288558825,84773.81288558825,79818.99642469542,82915.75671275344,2500600
478,VCB,20210709,85160.9079215955,86012.51700081145,82683.49969114909,85006.0699071926,3021900
479,VCB,20210708,86089.93600801291,87483.47813763902,84386.717849581,85935.09799361,1384100
480,VCB,20210707,86709.28806562451,87793.15416644482,82064.14763353749,87793.15416644482,2808000
481,VCB,20210706,87096.38310163177,89031.85828166803,86709.28806562451,86709.28806562451,1754600
482,VCB,20210705,88180.24920245208,88180.24920245208,85857.67898640856,87947.99218084772,2416000
483,VCB,20210702,90115.72438248832,90270.56239689124,88257.66820965352,88954.43927446658,1767290
484,VCB,20210701,90347.98140409269,90425.40041129412,89031.85828166803,90115.72438248832,2056400
485,VCB,20210630,88257.66820965352,90735.07644009992,88257.66820965352,90115.72438248832,3337000
486,VCB,20210629,86709.28806562451,88257.66820965352,86322.19302961726,88257.66820965352,2353100
487,VCB,20210628,87173.80210883322,87483.47813763902,86012.51700081145,87173.80210883322,2360500
488,VCB,20210625,85702.84097200565,87328.64012323611,84309.29884237955,87173.80210883322,2321990
489,VCB,20210624,85160.9079215955,85780.25997920711,83457.6897631636,85702.84097200565,1143400
490,VCB,20210623,83612.52777756649,85935.09799361,82838.337705552,84928.65089999115,2308600
491,VCB,20210622,82915.75671275344,83999.62281357375,82451.24266954474,83302.85174876069,2171000
492,VCB,20210621,83612.52777756649,83767.3657919694,82064.14763353749,82528.66167674618,3007900
493,VCB,20210618,80902.86252551572,84386.717849581,80748.02451111283,83999.62281357375,3824900
494,VCB,20210617,80515.76748950848,81289.95756152298,78967.38734547947,80670.60550391137,2896100
495,VCB,20210616,79354.48238148671,82064.14763353749,79354.48238148671,80515.76748950848,2898400
496,VCB,20210615,79044.80635268091,79741.57741749397,78193.19727346496,79586.73940309107,1440700
497,VCB,20210614,79044.80635268091,80051.25344629977,78425.45429506931,78967.38734547947,1548700
498,VCB,20210611,78270.6162806664,80128.67245350122,77806.10223745772,79586.73940309107,2048000
499,VCB,20210610,78967.38734547947,79664.15841029253,77419.00720145045,78812.54933107656,2282500
500,VCB,20210609,77419.00720145045,78967.38734547947,76799.65514383886,78967.38734547947,2433900
501,VCB,20210608,79741.57741749397,80515.76748950848,77419.00720145045,77419.00720145045,2351600
502,VCB,20210607,80748.02451111283,81212.53855432152,78348.03528786787,79741.57741749397,3023900
503,VCB,20210604,82451.24266954474,82451.24266954474,80593.18649670992,81212.53855432152,2945800
504,VCB,20210603,82141.56664073894,83612.52777756649,82064.14763353749,82606.08068394764,2802000
505,VCB,20210602,80515.76748950848,83225.43274155924,80283.51046790413,82064.14763353749,5416100
506,VCB,20210601,76954.49315824175,80670.60550391137,76412.5601078316,80283.51046790413,4573500
507,VCB,20210531,78193.19727346496,78193.19727346496,76102.8840790258,76335.14110063015,2821000
508,VCB,20210528,76644.81712943595,78270.6162806664,75560.95102861564,77109.33117264466,2230000
509,VCB,20210527,77728.68323025625,77728.68323025625,75870.62705742144,76412.5601078316,1818400
510,VCB,20210526,77341.58819424901,78812.54933107656,77186.7501798461,77728.68323025625,2356000
511,VCB,20210525,75406.11301421275,77419.00720145045,75406.11301421275,77264.16918704756,4450000
512,VCB,20210524,75483.5320214142,76257.7220934287,74709.34194939969,75406.11301421275,1874700
513,VCB,20210521,74554.50393499678,75870.62705742144,74322.24691339243,74941.59897100404,1799200
514,VCB,20210520,72851.28577656488,76644.81712943595,72851.28577656488,76644.81712943595,1938100
515,VCB,20210519,73238.38081257213,73238.38081257213,72619.02875496053,72851.28577656488,1738100
516,VCB,20210518,73780.31386298228,74322.24691339243,73160.96180537068,73238.38081257213,2103400
517,VCB,20210517,75173.8559926084,75328.69400701129,74167.40889898954,74322.24691339243,1715100
518,VCB,20210514,75406.11301421275,76102.8840790258,74786.76095660114,75019.01797820549,1443600
519,VCB,20210513,75251.27499980984,75715.78904301855,74941.59897100404,74941.59897100404,1767000
520,VCB,20210512,75793.20805022,75793.20805022,75096.43698540694,75328.69400701129,1218300
521,VCB,20210511,76025.46507182435,76877.0741510403,75483.5320214142,75793.20805022,1271500
522,VCB,20210510,74864.1799638026,76025.46507182435,74244.82790619099,75948.0460646229,1743000
523,VCB,20210507,76567.3981222345,76644.81712943595,74864.1799638026,75096.43698540694,2284800
524,VCB,20210506,78348.03528786787,78735.13032387511,76644.81712943595,76877.0741510403,1161200
525,VCB,20210505,76722.23613663741,78967.38734547947,76722.23613663741,78348.03528786787,1895700
526,VCB,20210504,76644.81712943595,77109.33117264466,75870.62705742144,76722.23613663741,1651800
527,VCB,20210429,76644.81712943595,77419.00720145045,75870.62705742144,77419.00720145045,1615700
528,VCB,20210428,76644.81712943595,76877.0741510403,75638.37003581709,76644.81712943595,1553900
529,VCB,20210427,76335.14110063015,77109.33117264466,75638.37003581709,76644.81712943595,1191800
530,VCB,20210426,80515.76748950848,80515.76748950848,75793.20805022,76335.14110063015,3695400
531,VCB,20210423,79741.57741749397,80515.76748950848,77806.10223745772,80515.76748950848,2578800
532,VCB,20210422,79741.57741749397,81754.47160473168,79122.22535988237,79741.57741749397,3311700
533,VCB,20210420,76722.23613663741,81289.95756152298,76257.7220934287,79741.57741749397,6274200
534,VCB,20210419,75096.43698540694,76257.7220934287,74167.40889898954,76257.7220934287,1508500
535,VCB,20210416,75328.69400701129,76257.7220934287,74322.24691339243,74554.50393499678,1615900
536,VCB,20210415,77264.16918704756,77264.16918704756,74941.59897100404,75483.5320214142,2152800
537,VCB,20210414,75328.69400701129,76412.5601078316,75019.01797820549,76412.5601078316,1436800
538,VCB,20210413,77419.00720145045,77419.00720145045,75483.5320214142,75483.5320214142,1670900
539,VCB,20210412,76257.7220934287,76799.65514383886,75406.11301421275,76567.3981222345,2670100
540,VCB,20210409,77031.91216544321,77031.91216544321,75483.5320214142,75483.5320214142,2101700
541,VCB,20210408,78889.96833827802,78889.96833827802,77031.91216544321,77419.00720145045,1575400
542,VCB,20210407,78193.19727346496,78967.38734547947,77728.68323025625,78889.96833827802,1182700
543,VCB,20210406,78967.38734547947,79354.48238148671,77806.10223745772,78889.96833827802,2293200
544,VCB,20210405,77419.00720145045,79586.73940309107,76335.14110063015,78967.38734547947,3618400
545,VCB,20210402,75483.5320214142,76257.7220934287,75019.01797820549,75715.78904301855,2381600
546,VCB,20210401,73702.89485578083,75638.37003581709,73702.89485578083,75019.01797820549,3297600
547,VCB,20210331,73160.96180537068,73625.47584857939,72851.28577656488,73393.21882697503,970600
548,VCB,20210330,73780.31386298228,73780.31386298228,72851.28577656488,73393.21882697503,2625700
549,VCB,20210329,73702.89485578083,74167.40889898954,72386.77173335617,73780.31386298228,2895800
550,VCB,20210326,73548.05684137794,73935.15187738519,72541.60974775908,73470.63783417648,1222800
551,VCB,20210325,73315.79981977359,74322.24691339243,73160.96180537068,73625.47584857939,1237300
552,VCB,20210324,73548.05684137794,74244.82790619099,72851.28577656488,73315.79981977359,1509800
553,VCB,20210323,75019.01797820549,75019.01797820549,73857.73287018374,74167.40889898954,966800
554,VCB,20210322,74322.24691339243,75483.5320214142,73857.73287018374,75096.43698540694,1979000
555,VCB,20210319,75173.8559926084,75173.8559926084,72928.70478376633,72928.70478376633,1595700
556,VCB,20210318,74477.08492779534,75483.5320214142,73935.15187738519,75483.5320214142,1635100
557,VCB,20210317,73935.15187738519,74167.40889898954,73548.05684137794,74012.57088458663,1304400
558,VCB,20210316,74322.24691339243,74322.24691339243,73625.47584857939,74089.9898917881,655800
559,VCB,20210315,74322.24691339243,75096.43698540694,73935.15187738519,74554.50393499678,1464400
560,VCB,20210312,74554.50393499678,74709.34194939969,73160.96180537068,74167.40889898954,1324800
561,VCB,20210311,74167.40889898954,74941.59897100404,74167.40889898954,74554.50393499678,1078800
562,VCB,20210310,73548.05684137794,74167.40889898954,72773.86676936343,73935.15187738519,1089900
563,VCB,20210309,73548.05684137794,73548.05684137794,72077.09570455037,73548.05684137794,1449300
564,VCB,20210308,75096.43698540694,75096.43698540694,73548.05684137794,73702.89485578083,1521800
565,VCB,20210305,75173.8559926084,75251.27499980984,73548.05684137794,74631.92294219825,1737600
566,VCB,20210304,76335.14110063015,77031.91216544321,72077.09570455037,75328.69400701129,1183100
567,VCB,20210303,76102.8840790258,76954.49315824175,76025.46507182435,76180.30308622724,965460
568,VCB,20210302,77419.00720145045,78812.54933107656,75870.62705742144,76877.0741510403,1245700
569,VCB,20210301,76025.46507182435,76877.0741510403,76025.46507182435,76799.65514383886,976200
570,VCB,20210226,75328.69400701129,76644.81712943595,75096.43698540694,76025.46507182435,1091420
571,VCB,20210225,76644.81712943595,77031.91216544321,75560.95102861564,76025.46507182435,922100
572,VCB,20210224,77806.10223745772,78193.19727346496,74709.34194939969,75948.0460646229,1330300
573,VCB,20210223,77419.00720145045,78193.19727346496,76799.65514383886,77419.00720145045,1441400
574,VCB,20210222,77806.10223745772,78967.38734547947,77651.26422305481,77883.52124465916,1388700
575,VCB,20210219,76799.65514383886,78735.13032387511,76722.23613663741,78425.45429506931,1942200
576,VCB,20210218,76644.81712943595,78967.38734547947,75870.62705742144,78967.38734547947,1688900
577,VCB,20210217,75483.5320214142,77419.00720145045,75483.5320214142,77419.00720145045,1054100
578,VCB,20210209,75096.43698540694,75406.11301421275,72077.09570455037,75251.27499980984,2978900
579,VCB,20210208,76644.81712943595,77264.16918704756,72077.09570455037,72851.28577656488,2902200
580,VCB,20210205,76567.3981222345,77419.00720145045,75793.20805022,77419.00720145045,1035300
581,VCB,20210204,76567.3981222345,76644.81712943595,72696.44776216197,76567.3981222345,967300
582,VCB,20210203,75793.20805022,76644.81712943595,74786.76095660114,76567.3981222345,1454600
583,VCB,20210202,71225.48662533442,74864.1799638026,71225.48662533442,74709.34194939969,1152800
584,VCB,20210201,74322.24691339243,74322.24691339243,70451.29655331992,70528.71556052136,1331300
585,VCB,20210129,66193.25115724014,75019.01797820549,66193.25115724014,71999.67669734893,1359000
586,VCB,20210128,71225.48662533442,72231.93371895328,70141.62052451412,70141.62052451412,1811700
587,VCB,20210127,76722.23613663741,77419.00720145045,72696.44776216197,75406.11301421275,1659000
588,VCB,20210126,79354.48238148671,79354.48238148671,76644.81712943595,78115.77826626351,970500
589,VCB,20210125,78270.6162806664,79741.57741749397,78270.6162806664,79354.48238148671,745900
590,VCB,20210122,79741.57741749397,80515.76748950848,78967.38734547947,79741.57741749397,1876400
591,VCB,20210121,76722.23613663741,79741.57741749397,75870.62705742144,79741.57741749397,1320700
592,VCB,20210120,76644.81712943595,81986.72862633603,75870.62705742144,76722.23613663741,2093000
593,VCB,20210119,79818.99642469542,79973.83443909833,74399.66592059389,76644.81712943595,2401120
594,VCB,20210118,80128.67245350122,81289.95756152298,79741.57741749397,79973.83443909833,1112400
595,VCB,20210115,81135.11954712008,81212.53855432152,79354.48238148671,79896.41543189686,1202600
596,VCB,20210114,81289.95756152298,81444.79557592588,79973.83443909833,80438.34848230702,932200
597,VCB,20210113,81754.47160473168,82141.56664073894,80515.76748950848,81135.11954712008,1338200
598,VCB,20210112,81754.47160473168,81754.47160473168,80670.60550391137,81754.47160473168,842950
599,VCB,20210111,80980.28153271718,81831.89061193314,80593.18649670992,80902.86252551572,847400
600,VCB,20210108,83612.52777756649,83612.52777756649,80902.86252551572,81135.11954712008,1000900
601,VCB,20210107,80515.76748950848,83999.62281357375,80515.76748950848,82838.337705552,1199800
602,VCB,20210106,77031.91216544321,82218.98564794038,76877.0741510403,81289.95756152298,2080400
603,VCB,20210105,76644.81712943595,77883.52124465916,76644.81712943595,76877.0741510403,1096230
604,VCB,20210104,75870.62705742144,77264.16918704756,75328.69400701129,76644.81712943595,907900
605,VCB,20201231,75793.20805022,76644.81712943595,75096.43698540694,75793.20805022,367140
606,VCB,20201230,76799.65514383886,77109.33117264466,75483.5320214142,75793.20805022,709200
607,VCB,20201229,75870.62705742144,77264.16918704756,75715.78904301855,76799.65514383886,696510
608,VCB,20201228,75870.62705742144,76025.46507182435,75328.69400701129,75870.62705742144,836090
609,VCB,20201225,75096.43698540694,75560.95102861564,74864.1799638026,75560.95102861564,383960
610,VCB,20201224,75793.20805022,75793.20805022,74322.24691339243,75328.69400701129,971730
611,VCB,20201223,75483.5320214142,76257.7220934287,75019.01797820549,75483.5320214142,666390
612,VCB,20201222,75870.62705742144,75948.0460646229,75483.5320214142,75793.20805022,817840
613,VCB,20201221,76567.3981222345,76644.81712943595,75328.69400701129,76567.3981222345,737030
614,VCB,20201218,73721.05583877844,75948.04606724154,73721.05583877844,75948.04606724154,1053200
615,VCB,20201217,75717.66776774536,75717.66776774536,72953.12817379116,73721.05583877844,2305960
616,VCB,20201216,75640.87500124663,76715.97373222881,75103.32563575554,76715.97373222881,740700
617,VCB,20201215,76024.83883374027,76639.18096573009,74105.01967127208,75103.32563575554,1433260
618,VCB,20201214,74642.56903676318,76715.97373222881,73644.26307227972,76715.97373222881,931080
619,VCB,20201211,74642.56903676318,74719.3618032619,73644.26307227972,74642.56903676318,1366230
620,VCB,20201210,74105.01967127208,75026.53286925681,74028.22690477336,74642.56903676318,1299820
621,VCB,20201209,71878.02944280898,74105.01967127208,71570.85837681407,74105.01967127208,1198160
622,VCB,20201208,71417.27284381662,72108.40774230516,70265.38134633571,71494.06561031535,823320
623,VCB,20201207,70188.58857983697,71647.6511433128,70188.58857983697,71494.06561031535,945460
624,VCB,20201204,71570.85837681407,71801.23667631026,69958.21028034079,69958.21028034079,860900
625,VCB,20201203,71801.23667631026,72108.40774230516,70956.51624482425,71801.23667631026,772760
626,VCB,20201202,70649.34517882935,71801.23667631026,70265.38134633571,71801.23667631026,746710
627,VCB,20201201,69651.03921434589,71570.85837681407,69651.03921434589,70649.34517882935,1162270
628,VCB,20201130,71954.8222093077,72185.20050880389,70265.38134633571,71417.27284381662,1484340
629,VCB,20201127,72185.20050880389,72569.16434129752,71570.85837681407,72569.16434129752,1210580
630,VCB,20201126,71801.23667631026,72185.20050880389,71110.1017778217,72185.20050880389,698350
631,VCB,20201125,71033.30901132298,72338.78604180134,70879.72347832553,71801.23667631026,1124020
632,VCB,20201124,70649.34517882935,70956.51624482425,69727.83198084461,70956.51624482425,1038580
633,VCB,20201123,70726.13794532807,70956.51624482425,69881.41751384207,70342.17411283443,648830
634,VCB,20201120,69881.41751384207,71033.30901132298,69190.28261535351,71033.30901132298,1231960
635,VCB,20201119,67347.25621938406,69267.07538185225,67116.87791988788,69267.07538185225,2584440
636,VCB,20201118,67270.46345288533,67347.25621938406,66809.70685389296,67270.46345288533,906810
637,VCB,20201117,65888.19365590824,67270.46345288533,65657.81535641204,67270.46345288533,548250
638,VCB,20201116,66963.29238689042,67424.04898588278,65273.85152391841,65888.19365590824,1250340
639,VCB,20201113,66502.53578789806,66732.91408739424,66195.36472190314,66732.91408739424,417840
640,VCB,20201112,65811.4008894095,66425.74302139932,65734.60812291078,66348.9502549006,405350
641,VCB,20201111,65657.81535641204,66502.53578789806,65197.05875741968,65197.05875741968,1032520
642,VCB,20201110,66118.57195540442,67040.08515338914,65350.64429041714,65350.64429041714,1511520
643,VCB,20201109,65273.85152391841,65888.19365590824,65120.26599092096,65657.81535641204,1007000
644,VCB,20201106,65350.64429041714,65350.64429041714,64505.923858931135,65273.85152391841,323160
645,VCB,20201105,65657.81535641204,65657.81535641204,65120.26599092096,65273.85152391841,507960
646,VCB,20201104,65273.85152391841,65657.81535641204,64736.30215842732,65273.85152391841,394660
647,VCB,20201103,65888.19365590824,65964.98642240696,65043.47322442223,65273.85152391841,308550
648,VCB,20201102,63737.996193943865,65888.19365590824,63737.996193943865,65888.19365590824,366300
649,VCB,20201030,64198.75279293623,64813.094924926045,63584.41066094641,63737.996193943865,1090610
650,VCB,20201029,64813.094924926045,65120.26599092096,64121.9600264375,64198.75279293623,764720
651,VCB,20201028,66041.77918890568,66425.74302139932,64121.9600264375,64659.509391928594,896330
652,VCB,20201027,66041.77918890568,67040.08515338914,65657.81535641204,66041.77918890568,1169320
653,VCB,20201026,67193.6706863866,67424.04898588278,66041.77918890568,66041.77918890568,1024530
654,VCB,20201023,66732.91408739424,67193.6706863866,66579.32855439678,67193.6706863866,708310
655,VCB,20201022,66118.57195540442,66502.53578789806,65350.64429041714,66502.53578789806,1320610
656,VCB,20201021,67424.04898588278,68038.39111787261,65964.98642240696,66195.36472190314,1472050
657,VCB,20201020,66809.70685389296,67424.04898588278,66732.91408739424,67347.25621938406,1075780
658,VCB,20201019,67577.63451888024,67808.01281837642,67193.6706863866,67193.6706863866,1175250
659,VCB,20201016,67961.59835137388,68038.39111787261,67193.6706863866,67731.2200518777,722850
660,VCB,20201015,67731.2200518777,68038.39111787261,66656.12132089552,68038.39111787261,1424740
661,VCB,20201014,66656.12132089552,68345.56218386751,66579.32855439678,67731.2200518777,1206380
662,VCB,20201013,66041.77918890568,66732.91408739424,65657.81535641204,66425.74302139932,1388530
663,VCB,20201012,66041.77918890568,66809.70685389296,65120.26599092096,65964.98642240696,1574610
664,VCB,20201009,64889.88769142477,65273.85152391841,64889.88769142477,65120.26599092096,366200
665,VCB,20201008,65657.81535641204,65657.81535641204,64352.33832593368,65120.26599092096,612140
666,VCB,20201007,64198.75279293623,65427.43705691587,63814.78896044259,65273.85152391841,988270
667,VCB,20201006,64352.33832593368,64813.094924926045,63891.58172694132,64429.13109243241,3623210
668,VCB,20201005,64889.88769142477,65273.85152391841,64045.167259938775,64121.9600264375,874745
669,VCB,20201002,65120.26599092096,65273.85152391841,61434.213198982034,64505.923858931135,890840
670,VCB,20201001,65350.64429041714,65350.64429041714,64659.509391928594,65120.26599092096,367030
671,VCB,20200930,65273.85152391841,65273.85152391841,64352.33832593368,64582.716625429865,874450
672,VCB,20200929,66041.77918890568,66118.57195540442,64352.33832593368,64966.6804579235,1609090
673,VCB,20200928,65888.19365590824,66195.36472190314,65581.02258991332,66041.77918890568,1254760
674,VCB,20200925,66118.57195540442,66195.36472190314,65657.81535641204,66041.77918890568,1107270
675,VCB,20200924,64582.716625429865,66195.36472190314,64582.716625429865,66118.57195540442,1628730
676,VCB,20200923,64659.509391928594,65657.81535641204,64659.509391928594,65581.02258991332,1395190
677,VCB,20200922,63737.996193943865,64813.094924926045,63584.41066094641,64505.923858931135,1746960
678,VCB,20200921,63814.78896044259,64198.75279293623,63737.996193943865,63737.996193943865,1671360
679,VCB,20200918,63277.2395949515,63737.996193943865,63277.2395949515,63661.203427445136,1188400
680,VCB,20200917,63354.03236145023,63737.996193943865,62970.06852895659,63354.03236145023,1560590
681,VCB,20200916,63430.82512794895,63814.78896044259,62970.06852895659,63661.203427445136,628030
682,VCB,20200915,63737.996193943865,64121.9600264375,63354.03236145023,63354.03236145023,1318970
683,VCB,20200914,63584.41066094641,63814.78896044259,63507.61789444768,63737.996193943865,657680
684,VCB,20200911,63046.86129545532,63430.82512794895,62816.48299595913,63200.44682845277,665690
685,VCB,20200910,63737.996193943865,63968.374493440046,63046.86129545532,63046.86129545532,709700
686,VCB,20200909,62970.06852895659,63891.58172694132,62586.10469646295,63123.65406195404,1499680
687,VCB,20200908,64198.75279293623,64429.13109243241,63200.44682845277,63354.03236145023,2047560
688,VCB,20200907,65043.47322442223,65350.64429041714,64198.75279293623,64198.75279293623,1445780
689,VCB,20200904,65273.85152391841,66118.57195540442,65120.26599092096,65197.05875741968,2448360
690,VCB,20200903,64275.54555943496,66425.74302139932,64275.54555943496,66195.36472190314,2939090
691,VCB,20200901,63737.996193943865,63968.374493440046,63661.203427445136,63737.996193943865,1755600
692,VCB,20200831,64505.923858931135,64889.88769142477,63584.41066094641,63737.996193943865,971310
693,VCB,20200828,64198.75279293623,64429.13109243241,63968.374493440046,64045.167259938775,2627250
694,VCB,20200827,64121.9600264375,64429.13109243241,63891.58172694132,64121.9600264375,2375230
695,VCB,20200826,64429.13109243241,64429.13109243241,64045.167259938775,64121.9600264375,1639940
696,VCB,20200825,64429.13109243241,65197.05875741968,64429.13109243241,64429.13109243241,1895400
697,VCB,20200824,63737.996193943865,64966.6804579235,63737.996193943865,64429.13109243241,1812010
698,VCB,20200821,63737.996193943865,63891.58172694132,63430.82512794895,63661.203427445136,1381740
699,VCB,20200820,63737.996193943865,64889.88769142477,63737.996193943865,63737.996193943865,1453480
700,VCB,20200819,63200.44682845277,63737.996193943865,62970.06852895659,63737.996193943865,586790
701,VCB,20200818,63200.44682845277,63430.82512794895,62739.69022946041,63200.44682845277,400600
702,VCB,20200817,62970.06852895659,63661.203427445136,62739.69022946041,63200.44682845277,389480
703,VCB,20200814,63737.996193943865,63814.78896044259,62893.27576245786,62970.06852895659,875270
704,VCB,20200813,63661.203427445136,63737.996193943865,62970.06852895659,63737.996193943865,450008
705,VCB,20200812,63046.86129545532,63200.44682845277,62893.27576245786,63046.86129545532,310430
706,VCB,20200811,63354.03236145023,63430.82512794895,62816.48299595913,63046.86129545532,407420
707,VCB,20200810,63737.996193943865,63891.58172694132,62893.27576245786,62893.27576245786,808570
708,VCB,20200807,63737.996193943865,63737.996193943865,63277.2395949515,63661.203427445136,518660
709,VCB,20200806,63430.82512794895,63814.78896044259,62893.27576245786,63584.41066094641,822350
710,VCB,20200805,62893.27576245786,63737.996193943865,61741.38426497694,63507.61789444768,1177840
711,VCB,20200804,61434.213198982034,62893.27576245786,60973.45659998967,62893.27576245786,616840
712,VCB,20200803,58362.50253903293,60512.700000997305,58362.50253903293,60512.700000997305,442820
713,VCB,20200731,58362.50253903293,59437.60127001512,58362.50253903293,58669.67360502784,761940
714,VCB,20200730,59591.18680301258,60282.321701501125,59360.80850351639,59437.60127001512,937680
715,VCB,20200729,58362.50253903293,59898.35786900749,57671.367640544384,59514.39403651385,833570
716,VCB,20200728,59130.43020402021,60512.700000997305,58746.46637152657,60282.321701501125,964690
717,VCB,20200727,58362.50253903293,61434.213198982034,58362.50253903293,59130.43020402021,1274570
718,VCB,20200724,63046.86129545532,63200.44682845277,60282.321701501125,62202.14086396931,1341540
719,VCB,20200723,63354.03236145023,63584.41066094641,63046.86129545532,63354.03236145023,1404870
720,VCB,20200722,63354.03236145023,63354.03236145023,63123.65406195404,63354.03236145023,780320
721,VCB,20200721,63354.03236145023,63584.41066094641,62739.69022946041,63354.03236145023,1281740
722,VCB,20200720,63354.03236145023,63507.61789444768,62739.69022946041,63123.65406195404,826830
723,VCB,20200717,64198.75279293623,64198.75279293623,63584.41066094641,63584.41066094641,913590
724,VCB,20200716,64352.33832593368,64429.13109243241,63661.203427445136,64121.9600264375,1329430
725,VCB,20200715,63891.58172694132,64352.33832593368,63891.58172694132,64121.9600264375,1198530
726,VCB,20200714,63661.203427445136,63737.996193943865,63123.65406195404,63737.996193943865,506110
727,VCB,20200713,64045.167259938775,64121.9600264375,63277.2395949515,63661.203427445136,394630
728,VCB,20200710,64045.167259938775,64198.75279293623,63046.86129545532,63507.61789444768,1048560
729,VCB,20200709,64429.13109243241,64429.13109243241,63968.374493440046,64198.75279293623,1039170
730,VCB,20200708,63891.58172694132,64045.167259938775,63584.41066094641,63737.996193943865,585190
731,VCB,20200707,64505.923858931135,64659.509391928594,63968.374493440046,64045.167259938775,1366830
732,VCB,20200706,63737.996193943865,64045.167259938775,63277.2395949515,63661.203427445136,1270830
733,VCB,20200703,63354.03236145023,63968.374493440046,63123.65406195404,63737.996193943865,370340
734,VCB,20200702,63891.58172694132,63891.58172694132,62202.14086396931,63430.82512794895,669040
735,VCB,20200701,61664.59149847822,63507.61789444768,61434.213198982034,63507.61789444768,478440
736,VCB,20200630,63354.03236145023,63354.03236145023,61434.213198982034,61664.59149847822,974990
737,VCB,20200629,63968.374493440046,63968.374493440046,62278.93363046804,62586.10469646295,936380
738,VCB,20200626,64582.716625429865,65043.47322442223,63737.996193943865,63968.374493440046,1030930
739,VCB,20200625,63507.61789444768,64813.094924926045,63507.61789444768,64275.54555943496,546650
740,VCB,20200624,66041.77918890568,66041.77918890568,64582.716625429865,65043.47322442223,740160
741,VCB,20200623,65657.81535641204,66809.70685389296,65504.22982341459,66041.77918890568,957230
742,VCB,20200622,65273.85152391841,65734.60812291078,65273.85152391841,65657.81535641204,1381090
743,VCB,20200619,65273.85152391841,66041.77918890568,65273.85152391841,65581.02258991332,1280970
744,VCB,20200618,64505.923858931135,66425.74302139932,64429.13109243241,65273.85152391841,1949780
745,VCB,20200617,65273.85152391841,65427.43705691587,64352.33832593368,64659.509391928594,1241750
746,VCB,20200616,64505.923858931135,64505.923858931135,63277.2395949515,64275.54555943496,802980
747,VCB,20200615,65734.60812291078,65888.19365590824,62816.48299595913,62970.06852895659,1218540
748,VCB,20200612,63354.03236145023,66425.74302139932,63354.03236145023,65734.60812291078,1612920
749,VCB,20200611,68729.52601636115,68806.31878285987,66809.70685389296,67577.63451888024,1183900
750,VCB,20200610,68729.52601636115,68959.90431585733,68575.9404833637,68806.31878285987,3363590
751,VCB,20200609,69036.69708235607,69113.48984885479,68652.73324986243,68729.52601636115,417690
752,VCB,20200608,68345.56218386751,69267.07538185225,67884.80558487515,68652.73324986243,1222240
753,VCB,20200605,68422.35495036624,68575.9404833637,66809.70685389296,68345.56218386751,849570
754,VCB,20200604,67577.63451888024,68345.56218386751,67577.63451888024,68345.56218386751,736380
755,VCB,20200603,66809.70685389296,67500.84175238152,66732.91408739424,67500.84175238152,502750
756,VCB,20200602,66732.91408739424,66732.91408739424,66272.15748840188,66502.53578789806,1144040
757,VCB,20200601,65657.81535641204,66579.32855439678,65657.81535641204,66425.74302139932,925710
758,VCB,20200529,65273.85152391841,66041.77918890568,64889.88769142477,65427.43705691587,1161180
759,VCB,20200528,63737.996193943865,65350.64429041714,63737.996193943865,64889.88769142477,2318310
760,VCB,20200527,63737.996193943865,64813.094924926045,63661.203427445136,63661.203427445136,817770
761,VCB,20200526,62202.14086396931,63430.82512794895,62202.14086396931,63354.03236145023,939390
762,VCB,20200525,62125.34809747058,62432.51916346549,62048.55533097186,62278.93363046804,817710
763,VCB,20200522,62355.72639696677,62432.51916346549,61434.213198982034,62202.14086396931,1646320
764,VCB,20200521,61434.213198982034,62355.72639696677,61127.04213298712,62355.72639696677,1579620
765,VCB,20200520,60205.5289350024,61203.83489948585,60205.5289350024,61127.04213298712,756200
766,VCB,20200519,61357.42043248331,61511.00596548076,60512.700000997305,60666.28553399477,1712270
767,VCB,20200518,58592.88083852912,60666.28553399477,58208.91700603548,60282.321701501125,1145200
768,VCB,20200515,58669.67360502784,58746.46637152657,58055.33147303802,58362.50253903293,1702240
769,VCB,20200514,57594.57487404566,58669.67360502784,57517.78210754693,58362.50253903293,2218070
770,VCB,20200513,58055.33147303802,58746.46637152657,55290.79187908383,58055.33147303802,1851970
771,VCB,20200512,57287.403808050745,58362.50253903293,57133.818275053294,58055.33147303802,2305500
772,VCB,20200511,56442.683376564746,57210.61104155202,55674.75571157747,57210.61104155202,1749160
773,VCB,20200508,53754.93654910928,56980.23274205584,53601.35101611183,56442.683376564746,4065590
774,VCB,20200507,52065.49568613728,53524.558249613096,51988.70291963855,53524.558249613096,2389540
775,VCB,20200506,51681.53185364364,51988.70291963855,51067.18972165382,51911.91015313982,1182770
776,VCB,20200505,51681.53185364364,51988.70291963855,51297.56802115,51297.56802115,1007640
777,VCB,20200504,52219.08121913473,52295.87398563346,51297.56802115,51758.32462014237,908260
778,VCB,20200429,51451.15355414746,52295.87398563346,51451.15355414746,52219.08121913473,1629760
779,VCB,20200428,51297.56802115,52603.04505162837,50068.88375717036,51451.15355414746,2052860
780,VCB,20200427,53678.14378261056,53678.14378261056,51297.56802115,51297.56802115,2603060
781,VCB,20200424,53140.59441711946,53447.76548311437,51835.11738664109,52910.21611762328,1227270
782,VCB,20200423,54522.86421409656,54522.86421409656,52833.42335112455,53140.59441711946,1201610
783,VCB,20200422,52987.008884122006,54599.65698059528,52987.008884122006,53217.387183618186,1668290
784,VCB,20200421,54522.86421409656,54906.82804659019,52065.49568613728,54906.82804659019,2212110
785,VCB,20200420,55060.41357958765,55597.96294507874,54369.2786810991,55213.99911258511,1456030
786,VCB,20200417,54906.82804659019,55137.20634608638,54446.07144759783,54830.03528009147,1829140
787,VCB,20200416,53754.93654910928,54676.44974709401,53601.35101611183,54676.44974709401,1110050
788,VCB,20200415,53524.558249613096,54753.24251359274,53524.558249613096,54446.07144759783,1117740
789,VCB,20200414,54138.90038160292,54369.2786810991,52065.49568613728,53678.14378261056,1964570
790,VCB,20200413,54215.69314810164,55137.20634608638,53754.93654910928,54369.2786810991,1046830
791,VCB,20200410,54522.86421409656,55213.99911258511,53447.76548311437,54215.69314810164,1674380
792,VCB,20200409,52219.08121913473,55290.79187908383,52219.08121913473,54522.86421409656,2243720
793,VCB,20200408,51451.15355414746,52372.66675213219,51297.56802115,51835.11738664109,1778380
794,VCB,20200407,52219.08121913473,52987.008884122006,51297.56802115,52372.66675213219,1842570
795,VCB,20200406,51835.11738664109,52449.45951863092,50683.22588916018,52219.08121913473,2111200
796,VCB,20200403,49915.2982241729,50913.60418865636,49147.37055918563,50299.26205666654,1726690
797,VCB,20200401,47227.55139671744,50606.43312266145,47227.55139671744,49915.2982241729,1298320
798,VCB,20200331,47227.55139671744,49224.16332568436,46075.659899236525,47611.51522921108,957500
799,VCB,20200330,46152.45266573525,47150.75863021871,45922.074366239074,46843.5875642238,2155700
800,VCB,20200327,48609.82119369454,50606.43312266145,47995.47906170472,49224.16332568436,1849620
801,VCB,20200326,47611.51522921108,49684.91992467672,47227.55139671744,48533.02842719581,2035590
802,VCB,20200325,46075.659899236525,47611.51522921108,45845.281599740345,47611.51522921108,1835730
803,VCB,20200324,43925.46243727216,44846.97563525689,43464.70583827979,44539.80456926198,1498070
804,VCB,20200323,44232.63350326707,44923.76840175562,43925.46243727216,43925.46243727216,1920070
805,VCB,20200320,50683.22588916018,50913.60418865636,47227.55139671744,47227.55139671744,3603360
806,VCB,20200319,51681.53185364364,52756.63058462583,50683.22588916018,50683.22588916018,1231150
807,VCB,20200318,52219.08121913473,54292.48591460037,52219.08121913473,53217.387183618186,1603360
808,VCB,20200317,48840.19949319072,51835.11738664109,48840.19949319072,51835.11738664109,1384590
809,VCB,20200316,54522.86421409656,54522.86421409656,51067.18972165382,51527.94632064618,1247540
810,VCB,20200313,51220.77525465127,56058.71954407111,51220.77525465127,54522.86421409656,1959750
811,VCB,20200312,55290.79187908383,56058.71954407111,55060.41357958765,55060.41357958765,1602400
812,VCB,20200311,61741.38426497694,61741.38426497694,57133.818275053294,59130.43020402021,1996560
813,VCB,20200310,59898.35786900749,61357.42043248331,57901.74594004057,61357.42043248331,2267240
814,VCB,20200309,60666.28553399477,62125.34809747058,60359.11446799985,60359.11446799985,1423000
815,VCB,20200306,63737.996193943865,65811.4008894095,62970.06852895659,64889.88769142477,1138970
816,VCB,20200305,63123.65406195404,64198.75279293623,63123.65406195404,63814.78896044259,903660
817,VCB,20200304,62970.06852895659,62970.06852895659,62202.14086396931,62739.69022946041,604530
818,VCB,20200303,64121.9600264375,64121.9600264375,63123.65406195404,63123.65406195404,934270
819,VCB,20200302,62586.10469646295,63123.65406195404,62432.51916346549,62816.48299595913,939620
820,VCB,20200228,61511.00596548076,64045.167259938775,61511.00596548076,63277.2395949515,2210080
821,VCB,20200227,64505.923858931135,64966.6804579235,63661.203427445136,64505.923858931135,2013980
822,VCB,20200226,66041.77918890568,66041.77918890568,64505.923858931135,65273.85152391841,1229250
823,VCB,20200225,66041.77918890568,66809.70685389296,65888.19365590824,66195.36472190314,1229530
824,VCB,20200224,66041.77918890568,67577.63451888024,66041.77918890568,66963.29238689042,1050910
825,VCB,20200221,68729.52601636115,68729.52601636115,68345.56218386751,68345.56218386751,1016850
826,VCB,20200220,68883.11154935861,69420.6609148497,68499.14771686497,68729.52601636115,645400
827,VCB,20200219,68345.56218386751,68729.52601636115,68345.56218386751,68729.52601636115,319010
828,VCB,20200218,68806.31878285987,68806.31878285987,68345.56218386751,68652.73324986243,485880
829,VCB,20200217,68575.9404833637,69036.69708235607,68422.35495036624,68652.73324986243,343900
830,VCB,20200214,68345.56218386751,68959.90431585733,68345.56218386751,68575.9404833637,480800
831,VCB,20200213,68499.14771686497,68729.52601636115,68191.97665087006,68575.9404833637,686270
832,VCB,20200212,68959.90431585733,68959.90431585733,68422.35495036624,68652.73324986243,646750
833,VCB,20200211,68345.56218386751,68729.52601636115,68268.76941736879,68499.14771686497,568210
834,VCB,20200210,68499.14771686497,68729.52601636115,67961.59835137388,68268.76941736879,630060
835,VCB,20200207,68959.90431585733,69727.83198084461,68345.56218386751,69113.48984885479,1207540
836,VCB,20200206,68345.56218386751,69804.62474734333,68191.97665087006,68652.73324986243,963940
837,VCB,20200205,69267.07538185225,69420.6609148497,68191.97665087006,68268.76941736879,931310
838,VCB,20200204,68345.56218386751,68959.90431585733,67347.25621938406,68959.90431585733,1409210
839,VCB,20200203,64582.716625429865,69267.07538185225,63737.996193943865,68115.18388437133,1836670
840,VCB,20200131,67577.63451888024,68959.90431585733,67347.25621938406,68115.18388437133,1345160
841,VCB,20200130,70726.13794532807,70956.51624482425,66809.70685389296,68268.76941736879,3769560
842,VCB,20200122,72185.20050880389,72953.12817379116,71494.06561031535,71724.44390981153,908710
843,VCB,20200121,72108.40774230516,72645.95710779626,71878.02944280898,72185.20050880389,799590
844,VCB,20200120,72569.16434129752,72799.54264079372,71801.23667631026,72185.20050880389,860190
845,VCB,20200117,68729.52601636115,72569.16434129752,68729.52601636115,72569.16434129752,2250790
846,VCB,20200116,68575.9404833637,69343.86814835097,68268.76941736879,68729.52601636115,1271580
847,VCB,20200115,68806.31878285987,68806.31878285987,68191.97665087006,68575.9404833637,1499860
848,VCB,20200114,68729.52601636115,69113.48984885479,68422.35495036624,68652.73324986243,1001130
849,VCB,20200113,68345.56218386751,68959.90431585733,68345.56218386751,68652.73324986243,1722350
850,VCB,20200110,68115.18388437133,69420.6609148497,67500.84175238152,68729.52601636115,1596400
851,VCB,20200109,67347.25621938406,68268.76941736879,67347.25621938406,68115.18388437133,905650
852,VCB,20200108,66732.91408739424,67500.84175238152,66195.36472190314,66809.70685389296,842280
853,VCB,20200107,66809.70685389296,67500.84175238152,65581.02258991332,67424.04898588278,1122600
854,VCB,20200106,68499.14771686497,68729.52601636115,67193.6706863866,67193.6706863866,880110
855,VCB,20200103,70265.38134633571,70495.75964583189,69036.69708235607,69036.69708235607,536130
856,VCB,20200102,69267.07538185225,70188.58857983697,68883.11154935861,69727.83198084461,386290
857,VCB,20191231,69574.24644784715,69958.21028034079,69190.28261535351,69267.07538185225,250770
858,VCB,20191230,69497.45368134843,70802.93071182679,69113.48984885479,69881.41751384207,660140
859,VCB,20191227,67969.74432535606,68883.11155033285,67208.60497120874,68883.11155033285,498870
860,VCB,20191226,68883.11155033285,68883.11155033285,67741.40251911187,68045.8582607708,424110
861,VCB,20191225,68502.5418732592,69187.56729199179,67741.40251911187,68426.42793784446,251880
862,VCB,20191224,69111.45335657705,69111.45335657705,67665.28858369714,68502.5418732592,507600
863,VCB,20191223,67665.28858369714,69263.68122740652,67665.28858369714,69187.56729199179,957250
864,VCB,20191220,66980.26316496455,67360.8328420382,66828.03529413507,67208.60497120874,460360
865,VCB,20191219,65990.78200457302,67132.49103579401,65457.984456669896,66980.26316496455,1118570
866,VCB,20191218,65001.300844181496,65990.78200457302,64925.186908766766,65990.78200457302,865740
867,VCB,20191217,65762.44019832883,66219.12381081721,64925.186908766766,64925.186908766766,383060
868,VCB,20191216,67284.71890662347,67284.71890662347,64696.84510252257,65457.984456669896,782550
869,VCB,20191213,67056.37710037928,67360.8328420382,66599.69348789088,67284.71890662347,766800
870,VCB,20191212,65534.09839208463,66980.26316496455,65457.984456669896,66599.69348789088,485750
871,VCB,20191211,65457.984456669896,65457.984456669896,64849.07297335204,65381.870521255165,471080
872,VCB,20191210,64925.186908766766,65381.870521255165,64696.84510252257,65001.300844181496,532290
873,VCB,20191209,64620.73116710784,65229.642650425696,64240.161490034174,64849.07297335204,433740
874,VCB,20191206,64544.617231693104,64849.07297335204,64240.161490034174,64620.73116710784,312400
875,VCB,20191205,64696.84510252257,65229.642650425696,64392.38936086364,64544.617231693104,398490
876,VCB,20191204,62337.31310466587,64544.617231693104,62032.85736300694,64468.50329627837,409730
877,VCB,20191203,63174.56639422792,64011.81968378997,62413.4270400806,62413.4270400806,635370
878,VCB,20191202,64925.186908766766,65229.642650425696,63174.56639422792,63555.13607130158,485800
879,VCB,20191129,65153.528715010965,65305.75658584043,64696.84510252257,64925.186908766766,375000
880,VCB,20191128,65457.984456669896,65686.3262629141,64620.73116710784,64925.186908766766,494650
881,VCB,20191127,65077.41477959624,66219.12381081721,64925.186908766766,65686.3262629141,551360
882,VCB,20191126,64316.275425448905,65305.75658584043,64316.275425448905,64468.50329627837,864130
883,VCB,20191125,65077.41477959624,65457.984456669896,62870.11065256899,64316.275425448905,1580550
884,VCB,20191122,66675.80742330561,67360.8328420382,64849.07297335204,65077.41477959624,1416230
885,VCB,20191121,67817.5164545266,68274.200067015,66599.69348789088,66599.69348789088,1034280
886,VCB,20191120,69263.68122740652,69263.68122740652,68121.97219618552,68121.97219618552,546280
887,VCB,20191119,66980.26316496455,69263.68122740652,66980.26316496455,69263.68122740652,571560
888,VCB,20191118,68121.97219618552,68426.42793784446,66599.69348789088,66675.80742330561,700550
889,VCB,20191115,68502.5418732592,69263.68122740652,68045.8582607708,68274.200067015,595270
890,VCB,20191114,68883.11155033285,69568.13696906544,68654.76974408865,69187.56729199179,420320
891,VCB,20191113,70177.0484523833,70177.0484523833,68502.5418732592,68883.11155033285,706550
892,VCB,20191112,69568.13696906544,70100.93451696857,69492.02303365071,69796.47877530965,595820
893,VCB,20191111,69872.59271072438,69872.59271072438,69263.68122740652,69492.02303365071,534260
894,VCB,20191108,69492.02303365071,69948.70664613911,69111.45335657705,69644.25090448018,815600
895,VCB,20191107,69263.68122740652,69948.70664613911,69263.68122740652,69492.02303365071,403850
896,VCB,20191106,69111.45335657705,70253.16238779803,69035.33942116232,69263.68122740652,905230
897,VCB,20191105,70100.93451696857,70405.3902586275,69035.33942116232,69111.45335657705,754630
898,VCB,20191104,67969.74432535606,70405.3902586275,67969.74432535606,70024.82058155384,1134260
899,VCB,20191101,66751.92135872034,68045.8582607708,66599.69348789088,67589.17464828241,1125990
900,VCB,20191031,67056.37710037928,67360.8328420382,66675.80742330561,66751.92135872034,754930
901,VCB,20191030,65534.09839208463,67132.49103579401,65534.09839208463,66828.03529413507,854260
902,VCB,20191029,66523.57955247615,66599.69348789088,65686.3262629141,65762.44019832883,1125620
903,VCB,20191028,66980.26316496455,67132.49103579401,66523.57955247615,66523.57955247615,857400
904,VCB,20191025,66143.00987540248,67360.8328420382,65914.66806915829,66980.26316496455,918490
905,VCB,20191024,64925.186908766766,66219.12381081721,64772.9590379373,66143.00987540248,762650
906,VCB,20191023,65077.41477959624,65305.75658584043,64392.38936086364,64925.186908766766,938120
907,VCB,20191022,64087.93361920471,65305.75658584043,64087.93361920471,65001.300844181496,966120
908,VCB,20191021,64620.73116710784,64620.73116710784,63631.25000671631,64087.93361920471,650890
909,VCB,20191018,65077.41477959624,65305.75658584043,64544.617231693104,64696.84510252257,530190
910,VCB,20191017,65762.44019832883,65762.44019832883,64544.617231693104,64849.07297335204,1051890
911,VCB,20191016,65610.21232749936,65686.3262629141,65229.642650425696,65534.09839208463,1069660
912,VCB,20191015,64696.84510252257,65001.300844181496,64468.50329627837,64849.07297335204,713400
913,VCB,20191014,65077.41477959624,65457.984456669896,64696.84510252257,64696.84510252257,620800
914,VCB,20191011,64316.275425448905,65001.300844181496,64240.161490034174,64925.186908766766,760280
915,VCB,20191010,64620.73116710784,64849.07297335204,64316.275425448905,64392.38936086364,846690
916,VCB,20191009,64772.9590379373,65229.642650425696,64316.275425448905,64316.275425448905,860160
917,VCB,20191008,63022.33852339846,64925.186908766766,63022.33852339846,64772.9590379373,1461940
918,VCB,20191007,63935.70574837524,64316.275425448905,63022.33852339846,63022.33852339846,1205390
919,VCB,20191004,62413.4270400806,63555.13607130158,62261.19916925113,63174.56639422792,1177660
920,VCB,20191003,62261.19916925113,62413.4270400806,61347.831944274345,62413.4270400806,1927610
921,VCB,20191002,63479.02213588685,63707.36394213105,62185.0852338364,62413.4270400806,1224650
922,VCB,20191001,62489.54097549533,63631.25000671631,62261.19916925113,63479.02213588685,1280100
923,VCB,20190930,63098.45245881319,63402.90820047212,62337.31310466587,62489.54097549533,845770
924,VCB,20190927,61880.62949217747,63250.68032964265,61500.05981510381,63098.45245881319,1388490
925,VCB,20190926,61423.94587968908,61880.62949217747,61119.49013803015,61652.28768593328,1204790
926,VCB,20190925,60891.148331785946,61576.17375051854,60434.46471929755,61423.94587968908,783340
927,VCB,20190924,60510.57865471229,61500.05981510381,60053.89504222389,61347.831944274345,791470
928,VCB,20190923,62108.97129842167,62337.31310466587,60130.00897763862,60130.00897763862,1187100
929,VCB,20190920,62032.85736300694,63022.33852339846,61652.28768593328,61652.28768593328,2881700
930,VCB,20190919,61652.28768593328,62185.0852338364,61271.71800885961,62032.85736300694,527230
931,VCB,20190918,61728.401621348006,62793.99671715426,61271.71800885961,61347.831944274345,1009820
932,VCB,20190917,61423.94587968908,61880.62949217747,61271.71800885961,61728.401621348006,896290
933,VCB,20190916,62337.31310466587,62946.22458798372,61500.05981510381,61652.28768593328,782310
934,VCB,20190913,60738.92046095648,62413.4270400806,60738.92046095648,62337.31310466587,1433780
935,VCB,20190912,59749.43930056496,60510.57865471229,59749.43930056496,60510.57865471229,1020240
936,VCB,20190911,58836.07207558817,59749.43930056496,58836.07207558817,59521.09749432076,226450
937,VCB,20190910,58759.95814017344,60282.23684846809,58683.84420475871,59140.5278172471,675950
938,VCB,20190909,58836.07207558817,58912.1860110029,58607.73026934398,58759.95814017344,236440
939,VCB,20190906,59368.8696234913,59368.8696234913,58607.73026934398,58836.07207558817,372990
940,VCB,20190905,58759.95814017344,59977.78110680916,58759.95814017344,59064.41388183237,432900
941,VCB,20190904,58988.29994641764,58988.29994641764,58531.61633392924,58836.07207558817,527770
942,VCB,20190903,59216.64175266183,59292.75568807657,58379.38846309978,59216.64175266183,665830
943,VCB,20190830,58607.73026934398,59140.5278172471,58607.73026934398,59140.5278172471,280130
944,VCB,20190829,58531.61633392924,58912.1860110029,58227.16059227031,58455.50239851451,422240
945,VCB,20190828,58455.50239851451,58836.07207558817,58455.50239851451,58607.73026934398,908810
946,VCB,20190827,59521.09749432076,59977.78110680916,57846.59091519665,58227.16059227031,1269440
947,VCB,20190826,59521.09749432076,59825.55323597969,58988.29994641764,59216.64175266183,672220
948,VCB,20190823,60891.148331785946,61043.376202615415,60282.23684846809,60282.23684846809,633508
949,VCB,20190822,61043.376202615415,61195.60407344488,60586.692590127015,60891.148331785946,782090
950,VCB,20190821,58531.61633392924,61119.49013803015,58379.38846309978,60891.148331785946,2007720
951,VCB,20190820,59216.64175266183,59216.64175266183,58379.38846309978,58531.61633392924,453760
952,VCB,20190819,59292.75568807657,59749.43930056496,58379.38846309978,58455.50239851451,692740
953,VCB,20190816,59216.64175266183,59825.55323597969,59216.64175266183,59292.75568807657,631180
954,VCB,20190815,56780.9958193904,60130.00897763862,56780.9958193904,60130.00897763862,539330
955,VCB,20190814,59368.8696234913,59368.8696234913,58074.93272144085,58074.93272144085,354750
956,VCB,20190813,58759.95814017344,58988.29994641764,57770.47697978192,58074.93272144085,909300
957,VCB,20190812,59749.43930056496,59977.78110680916,58759.95814017344,59140.5278172471,586000
958,VCB,20190809,59901.66717139442,60434.46471929755,59673.32536515023,59749.43930056496,720950
959,VCB,20190808,59749.43930056496,60738.92046095648,59444.98355890603,59749.43930056496,812530
960,VCB,20190807,58074.93272144085,59673.32536515023,58074.93272144085,59673.32536515023,592830
961,VCB,20190806,58151.04665685558,58531.61633392924,57694.36304436719,58074.93272144085,1202520
962,VCB,20190805,60282.23684846809,60662.80652554175,58683.84420475871,58912.1860110029,857570
963,VCB,20190802,60662.80652554175,61271.71800885961,60206.12291305336,60206.12291305336,705000
964,VCB,20190801,61043.376202615415,61271.71800885961,60662.80652554175,61271.71800885961,538850
965,VCB,20190731,60891.148331785946,61271.71800885961,60586.692590127015,61043.376202615415,512820
966,VCB,20190730,62413.4270400806,62793.99671715426,61347.831944274345,61347.831944274345,1633490
967,VCB,20190729,59749.43930056496,61652.28768593328,59597.21142973549,61652.28768593328,986830
968,VCB,20190726,59140.5278172471,60662.80652554175,58988.29994641764,59749.43930056496,942260
969,VCB,20190725,58531.61633392924,59216.64175266183,58379.38846309978,59140.5278172471,831360
970,VCB,20190724,60510.57865471229,60510.57865471229,58227.16059227031,58531.61633392924,1717620
971,VCB,20190723,60053.89504222389,60358.35078388282,59749.43930056496,60053.89504222389,659640
972,VCB,20190722,60130.00897763862,60510.57865471229,59901.66717139442,60130.00897763862,1004520
973,VCB,20190719,58151.04665685558,60738.92046095648,58151.04665685558,60130.00897763862,1368760
974,VCB,20190718,57770.47697978192,58759.95814017344,57542.13517353772,58151.04665685558,1151680
975,VCB,20190717,58227.16059227031,58683.84420475871,57694.36304436719,57998.81878602612,802350
976,VCB,20190716,57466.02123812299,59368.8696234913,57389.907302708256,58759.95814017344,2017200
977,VCB,20190715,56095.9704006578,57085.451561049325,56095.9704006578,57085.451561049325,1217930
978,VCB,20190712,56324.312206902,56704.881883975664,56019.85646524307,56095.9704006578,978210
979,VCB,20190711,55258.71711109575,56780.9958193904,55258.71711109575,56324.312206902,1486980
980,VCB,20190710,55182.60317568101,55334.83104651048,54725.91956319262,55182.60317568101,736160
981,VCB,20190709,54421.46382153369,54725.91956319262,53736.4384028011,54725.91956319262,740550
982,VCB,20190708,54802.03349860735,55030.37530485155,54040.89414446003,54269.23595070423,987310
983,VCB,20190705,55182.60317568101,55258.71711109575,54802.03349860735,55258.71711109575,463620
984,VCB,20190704,53279.75479031271,55182.60317568101,53051.412984068505,55182.60317568101,1125010
985,VCB,20190703,53660.32446738637,54040.89414446003,52975.299048653775,52975.299048653775,816720
986,VCB,20190702,54421.46382153369,54421.46382153369,53508.096596556905,53660.32446738637,453020
987,VCB,20190701,54040.89414446003,54725.91956319262,53964.7802090453,54269.23595070423,565640
988,VCB,20190628,52975.299048653775,54802.03349860735,52061.93182367698,53660.32446738637,897140
989,VCB,20190627,54040.89414446003,54040.89414446003,52823.07117782431,52899.18511323904,1344190
990,VCB,20190626,55106.48924026628,55182.60317568101,53660.32446738637,53660.32446738637,1254850
991,VCB,20190625,55410.94498192521,55410.94498192521,54802.03349860735,55106.48924026628,811320
992,VCB,20190624,54421.46382153369,56172.08433607253,54040.89414446003,55563.17285275468,1475410
993,VCB,20190621,54421.46382153369,54802.03349860735,54040.89414446003,54040.89414446003,1785930
994,VCB,20190620,53051.412984068505,54421.46382153369,52975.299048653775,54421.46382153369,1212390
995,VCB,20190619,53584.21053197164,53812.55233821583,52823.07117782431,53127.52691948324,1419470
996,VCB,20190618,52518.61543616538,53660.32446738637,51909.70395284752,53508.096596556905,1352120
997,VCB,20190617,52670.84330699485,53508.096596556905,52518.61543616538,52670.84330699485,1398540
998,VCB,20190614,51376.90640494439,52975.299048653775,51224.67853411493,52670.84330699485,2755770
999,VCB,20190613,50996.33672787073,51376.90640494439,50539.65311538234,51224.67853411493,580960
