<Ticker>,<DTYYYYMMDD>,<Open>,<High>,<Low>,<Close>,<Volume>
VCB,20230609,100000,102000,99000,100500,46500
VCB,20230608,97000,98300,97000,97900,139500
VCB,20230607,99000,99000,97000,97000,794600
VCB,20230606,98000,99000,96500,99000,779500
VCB,20230605,95200,98700,95200,98000,1362801
VCB,20230602,93900,95000,93300,94900,1457800
VCB,20230601,94600,94600,93200,93900,711300
VCB,20230531,93900,94100,93100,94000,420100
VCB,20230530,93100,94800,92400,94500,1307500
VCB,20230529,92000,95000,92000,93100,630500
VCB,20230526,93200,93500,92000,92000,1026700
VCB,20230525,92600,94000,91400,93200,626600
VCB,20230524,92800,92800,91900,92600,385200
VCB,20230523,93000,93600,92100,92800,568800
VCB,20230522,93000,93900,92200,93100,665300
VCB,20230519,94500,94900,92600,94200,609900
VCB,20230518,92900,96000,92200,95000,1894800
VCB,20230517,92500,93000,92300,92800,799400
VCB,20230516,92000,93100,91300,92600,901600
VCB,20230515,92000,93000,91200,91700,678901
VCB,20230512,91000,92800,90800,92800,893500
VCB,20230511,92000,92100,91000,91000,681600
VCB,20230510,91900,93000,91600,92000,820400
VCB,20230509,93000,93900,92300,92300,1019400
VCB,20230508,90000,93200,89800,93000,1563200
VCB,20230505,88500,89900,88200,89800,600500
VCB,20230504,90000,90000,88500,88500,559001
VCB,20230428,90000,90500,88800,90500,740700
VCB,20230427,88700,90500,88400,90000,721300
VCB,20230426,88000,89500,87900,89400,4045974
VCB,20230425,88200,88500,87500,88300,565800
VCB,20230424,88000,88500,87000,87900,585200
VCB,20230421,88000,88100,87400,87500,1056500
VCB,20230420,88800,88800,88000,88300,257800
VCB,20230419,88100,88700,88000,88500,492900
VCB,20230418,88300,88600,87500,88000,758100
VCB,20230417,88400,88500,87800,88400,524900
VCB,20230414,88300,89100,88200,88400,477800
VCB,20230413,88300,88500,87800,88200,567000
VCB,20230412,88300,88600,88000,88300,581400
VCB,20230411,89000,90000,88200,88200,827600
VCB,20230410,90000,90000,89000,89000,682300
VCB,20230407,91000,91100,89500,90000,843200
VCB,20230406,91500,92100,91200,91200,419300
VCB,20230405,92300,92300,91100,92100,432000
VCB,20230404,92800,92900,91600,92000,312900
VCB,20230403,91700,92900,91200,92800,812700
VCB,20230331,92800,93200,90500,91400,1033600
VCB,20230330,92300,93200,92000,92700,605700
VCB,20230329,92500,92500,90500,92300,422800
VCB,20230328,90800,92900,90100,91800,888800
VCB,20230327,89000,91000,88000,91000,826100
VCB,20230324,91000,91000,88900,89000,673000
VCB,20230323,88800,90700,87300,90700,1945500
VCB,20230322,86600,89900,86600,89000,1098800
VCB,20230321,85400,89900,85400,86500,1173400
VCB,20230320,89000,89500,85100,85100,1077000
VCB,20230317,91000,91100,89000,89000,2272200
VCB,20230316,91000,92000,89500,91000,806000
VCB,20230315,91600,92000,91100,91400,850800
VCB,20230314,91000,91200,90500,91000,906700
VCB,20230313,92000,92000,90800,91500,759200
VCB,20230310,92200,92500,91500,92100,773800
VCB,20230309,92000,93400,91700,93000,1118100
VCB,20230308,91000,92200,90700,92200,871900
VCB,20230307,91500,92500,91100,91900,1053300
VCB,20230306,91000,92200,91000,91000,711900
VCB,20230303,91800,92800,90900,90900,864600
VCB,20230302,93000,93800,91800,93200,984700
VCB,20230301,92300,93400,92200,93000,775700
VCB,20230228,93100,93700,92600,93500,625800
VCB,20230227,93000,93500,91700,92800,521000
VCB,20230224,93000,94000,90000,93500,691400
VCB,20230223,93000,94000,91200,93300,1045700
VCB,20230222,94200,94300,92500,93000,1071500
VCB,20230221,94200,94900,94000,94200,695500
VCB,20230220,93000,94500,93000,93800,1161000
VCB,20230217,93000,93300,92000,93000,949200
VCB,20230216,93000,94000,92200,92400,842600
VCB,20230215,92500,94200,91200,93000,899300
VCB,20230214,93500,93500,91200,92500,1178100
VCB,20230213,94800,95400,92000,93500,892700
VCB,20230210,94500,94500,92800,94500,713700
VCB,20230209,93800,95000,93000,93000,840300
VCB,20230208,92100,96200,92100,94200,950800
VCB,20230207,95300,95500,92000,92000,1469200
VCB,20230206,92600,96300,91500,96000,1430100
VCB,20230203,90300,93000,89100,93000,933400
VCB,20230202,88600,92000,88600,90600,1030600
VCB,20230201,92000,92500,89100,89100,1136400
VCB,20230131,89900,91900,87800,91900,1533700
VCB,20230130,92100,92500,89800,89900,1045000
VCB,20230127,93000,94600,91500,93000,1585800
VCB,20230119,89500,96000,87500,93000,1776800
VCB,20230118,90000,91000,89400,90000,884000
VCB,20230117,88500,89400,87300,89400,644600
VCB,20230116,86000,88500,86000,87300,1034000
VCB,20230113,85200,86500,85200,85800,822000
VCB,20230112,85200,85200,83800,84800,1965000
VCB,20230111,87300,87300,85100,85100,1313000
VCB,20230110,86200,89900,86200,87300,2198500
VCB,20230109,85800,86900,84800,86900,1667100
VCB,20230106,84000,84800,83900,84000,1261500
VCB,20230105,82800,84000,82500,84000,1078600
VCB,20230104,82900,82900,81800,82800,973900
VCB,20230103,80200,82600,80200,82600,1089800
VCB,20221230,82900,83100,80000,80000,1510900
VCB,20221229,82300,82500,80500,80700,1373400
VCB,20221228,80400,82000,79500,80000,1173500
VCB,20221227,80200,80500,78900,79100,1194000
VCB,20221226,79200,80800,78900,78900,1203600
VCB,20221223,80200,81200,79100,79100,1385200
VCB,20221222,79500,81100,79300,79300,1100300
VCB,20221221,81400,81400,78700,78700,962000
VCB,20221220,79700,82000,79000,79000,1560400
VCB,20221219,80000,81000,79000,79200,757500
VCB,20221216,79500,82900,78900,79700,3410700
VCB,20221215,78800,80700,78600,79500,1250400
VCB,20221214,79700,79700,78500,78800,1246300
VCB,20221213,78100,79300,77900,78200,2232500
VCB,20221212,78800,80500,77400,77400,2405700
VCB,20221209,78400,79200,77100,77300,1750100
VCB,20221208,79000,81000,77000,77000,2479700
VCB,20221207,80000,82000,78000,78500,1589800
VCB,20221206,85000,85200,80000,80000,1378000
VCB,20221205,84100,87000,82500,85000,1664000
VCB,20221202,79900,85000,79300,85000,1377300
VCB,20221201,80900,81400,79200,80000,1178900
VCB,20221130,80300,81000,77000,81000,1458600
VCB,20221129,76000,79800,76000,79800,1707400
VCB,20221128,74500,77000,73800,76700,2356900
VCB,20221125,73100,73600,72800,73100,1875100
VCB,20221124,73500,74000,72500,73000,1135000
VCB,20221123,73000,73500,72400,73500,1773000
VCB,20221122,74500,76000,72500,73500,1936000
VCB,20221121,76500,76500,75000,75000,1224900
VCB,20221118,75900,76900,73600,76500,1564800
VCB,20221117,76100,76600,75500,76500,1845700
VCB,20221116,70300,78000,70300,75100,3319800
VCB,20221115,74400,76400,72100,75000,2001800
VCB,20221114,75500,76500,74100,75100,1836500
VCB,20221111,73000,75500,73000,75500,1931600
VCB,20221110,73900,73900,71600,72800,1517500
VCB,20221109,73500,74200,72600,74000,1214800
VCB,20221108,72000,75000,71600,72600,2258900
VCB,20221107,71800,73000,71100,71800,1760000
VCB,20221104,71500,72500,68900,71800,1578000
VCB,20221103,72000,73400,72000,73000,754600
VCB,20221102,74000,74500,72000,73600,1255100
VCB,20221101,74000,75000,73300,75000,826100
VCB,20221031,73500,73500,72500,73500,659400
VCB,20221028,72500,74500,71600,71600,1561000
VCB,20221027,70500,72900,69300,71700,1297800
VCB,20221026,70600,70600,68500,70000,651400
VCB,20221025,66000,70600,66000,69900,1694200
VCB,20221024,69500,69500,65800,68000,874100
VCB,20221021,69200,70700,68000,68000,1454700
VCB,20221020,67900,70000,67100,69200,1577282
VCB,20221019,67900,68000,67300,67900,696400
VCB,20221018,68000,68000,67300,67700,905000
VCB,20221017,67300,68000,65500,66300,1301400
VCB,20221014,68500,68500,67300,68100,1838300
VCB,20221013,64100,66500,62700,66500,1666800
VCB,20221012,63000,65300,62200,64000,1586400
VCB,20221011,65300,66000,62000,62000,1531700
VCB,20221010,66500,67700,64100,65100,1366000
VCB,20221007,69600,69600,65300,66700,2203700
VCB,20221006,72000,72000,69900,70100,865600
VCB,20221005,71400,72000,71100,71500,929000
VCB,20221004,70000,71900,69500,71300,1280900
VCB,20221003,73500,73800,70300,70600,919900
VCB,20220930,73200,74300,72400,73200,1776400
VCB,20220929,76000,76000,74000,74000,587800
VCB,20220928,74000,75000,73800,75000,587700
VCB,20220927,76000,76000,74200,74300,673400
VCB,20220926,75100,77000,74100,75000,1734900
VCB,20220923,77200,77700,75800,75900,1054100
VCB,20220922,77700,78600,77500,78000,1255000
VCB,20220921,79300,79600,77900,78900,1519200
VCB,20220920,78800,80000,78600,79200,521200
VCB,20220919,79000,80200,78000,78800,1030500
VCB,20220916,79300,80000,78500,80000,1519200
VCB,20220915,78500,79300,78100,79200,804200
VCB,20220914,77200,79500,77000,78300,1085800
VCB,20220913,79400,79400,78600,78600,2154900
VCB,20220912,79600,79700,78800,79100,1025800
VCB,20220909,78500,79300,78200,78800,2704640
VCB,20220908,80900,80900,78000,78000,1424300
VCB,20220907,82000,82500,79800,80000,2365300
VCB,20220906,82600,84000,82100,82700,1027300
VCB,20220905,84000,84300,82500,82600,1582800
VCB,20220831,86000,86500,84000,84000,1127900
VCB,20220830,82500,86000,82500,86000,2562800
VCB,20220829,81400,82500,80900,82500,1063500
VCB,20220826,82000,83700,82000,82500,1594500
VCB,20220825,82200,82200,81300,82000,630800
VCB,20220824,81200,82900,80300,82000,1135700
VCB,20220823,80000,81300,79900,80200,813000
VCB,20220822,80100,81500,80000,80000,617800
VCB,20220819,80600,82000,80600,80900,1200000
VCB,20220818,81300,82000,81200,81500,1713600
VCB,20220817,81200,81700,81200,81500,851000
VCB,20220816,82000,82000,81100,81500,1016700
VCB,20220815,82000,82300,81700,81800,1319500
VCB,20220812,81500,81900,80900,81600,1398800
VCB,20220811,81300,82000,80600,81500,1223500
VCB,20220810,80100,81000,80100,80500,547500
VCB,20220809,82000,82000,79900,80800,1304900
VCB,20220808,82000,82500,81900,82000,967000
VCB,20220805,82000,82400,81100,82000,1395800
VCB,20220804,79500,82500,79400,82500,2348100
VCB,20220803,78300,79500,78000,79500,1857700
VCB,20220802,77000,79200,76000,78900,1777800
VCB,20220801,74700,77000,74400,77000,1664300
VCB,20220729,75400,75500,74700,74700,2499000
VCB,20220728,75400,75600,74800,75300,1193800
VCB,20220727,74000,75000,73700,75000,1369900
VCB,20220726,73200,74400,73200,73900,1119800
VCB,20220725,72400,73200,72000,72900,991700
VCB,20220722,72100,72700,72000,72500,1119600
VCB,20220721,72500,72900,72100,72500,1164600
VCB,20220720,71600,72500,71600,72500,573900
VCB,20220719,72000,72100,71100,71300,922100
VCB,20220718,72500,72900,72000,72000,391400
VCB,20220715,72100,73500,72100,72300,626500
VCB,20220714,71800,72800,71600,72400,439400
VCB,20220713,71800,73400,71400,71800,1379900
VCB,20220712,72100,72600,71700,71900,840500
VCB,20220711,73300,73500,72000,72000,756800
VCB,20220708,74900,75000,73900,74000,761000
VCB,20220707,72700,75500,71700,75500,1287400
VCB,20220706,73700,73900,68900,72800,1644200
VCB,20220705,74900,74900,73600,74000,1064500
VCB,20220704,74900,75200,73900,74100,786200
VCB,20220701,74500,75000,72900,74000,1383000
VCB,20220630,75500,76000,74800,74800,794468
VCB,20220629,75800,75900,75300,75500,1387500
VCB,20220628,75000,77000,74800,76300,1095800
VCB,20220627,75500,76000,74800,74900,958500
VCB,20220624,76200,76300,74600,75000,688600
VCB,20220623,75100,76700,74900,75900,590200
VCB,20220622,77900,78000,75000,76000,2165200
VCB,20220621,76000,77700,75200,77700,977100
VCB,20220620,79500,79500,75300,76000,1089700
VCB,20220617,77000,78300,76100,76100,1071600
VCB,20220616,76700,80000,76500,79100,1324600
VCB,20220615,77400,78300,75300,76500,1243600
VCB,20220614,75500,78100,74000,77000,1087200
VCB,20220613,77000,77000,74100,76400,1220800
VCB,20220610,77800,79000,77400,77700,390900
VCB,20220609,79000,79900,77700,77800,1067500
VCB,20220608,81000,81000,78800,79200,1219700
VCB,20220607,79000,82000,78100,81000,1014000
VCB,20220606,77500,80000,75100,79700,880500
VCB,20220603,78400,79500,76400,77500,582800
VCB,20220602,80800,80800,79000,79000,742483
VCB,20220601,79000,80500,79000,80500,798800
VCB,20220531,78900,78900,78000,78900,1188700
VCB,20220530,77400,81000,76400,78000,1408400
VCB,20220527,76700,77400,76300,77400,892000
VCB,20220526,77000,77100,76000,76700,1033900
VCB,20220525,76000,77000,74800,77000,898000
VCB,20220524,74900,75700,74300,75600,898700
VCB,20220523,75600,75600,73600,74400,686600
VCB,20220520,75100,76500,75000,75300,742800
VCB,20220519,75000,76700,74800,76000,575800
VCB,20220518,77000,77000,75000,75400,936000
VCB,20220517,74200,77000,73100,76000,2346300
VCB,20220516,75500,76400,74000,74200,1558800
VCB,20220513,77000,78000,73000,73000,1983664
VCB,20220512,79000,79900,77000,77000,1016300
VCB,20220511,80000,80300,79000,80000,1026300
VCB,20220510,77100,80000,77100,80000,926000
VCB,20220509,78800,80400,77800,77900,1718200
VCB,20220506,79700,81200,79400,79400,1330900
VCB,20220505,80500,81500,79600,81000,1019300
VCB,20220504,80900,81000,79000,79900,936600
VCB,20220429,81400,82300,80000,80900,28854200
VCB,20220428,81500,81600,79500,81500,564100
VCB,20220427,79900,82000,78200,81500,2334900
VCB,20220426,79000,80500,79000,80500,2507000
VCB,20220425,82200,83000,77000,81800,2879400
VCB,20220422,79100,82600,79100,82200,4820600
VCB,20220421,78400,79200,78200,78400,2178200
VCB,20220420,78000,78900,77700,78400,904600
VCB,20220419,77800,78500,77600,77700,1047400
VCB,20220418,80000,80200,77600,77700,1292300
VCB,20220415,81200,81500,80200,80200,934800
VCB,20220414,82400,82900,81000,81000,1175400
VCB,20220413,83000,83100,82000,82400,905700
VCB,20220412,83000,83200,81600,82400,881300
VCB,20220408,83900,83900,82900,83000,812200
VCB,20220407,84900,85200,83000,83000,983000
VCB,20220406,82900,85000,81700,84600,2009600
VCB,20220405,82800,83200,82600,83000,526100
VCB,20220404,83200,84100,82600,82600,792000
VCB,20220401,82100,83600,81100,82800,984300
VCB,20220331,82000,82600,82000,82100,492400
VCB,20220330,81800,83500,81500,82000,968900
VCB,20220329,82400,83000,81600,81900,1048600
VCB,20220328,83000,83000,82000,82400,779400
VCB,20220325,84000,84000,82000,82500,1192800
VCB,20220324,84900,84900,83500,83500,600200
VCB,20220323,84900,85600,84900,84900,1020600
VCB,20220322,84900,85500,84900,84900,1009600
VCB,20220321,84200,85500,84000,84900,963900
VCB,20220318,83100,85200,82900,84200,1436600
VCB,20220317,83000,83500,82700,83000,1301400
VCB,20220316,81300,83200,81300,82500,1030600
VCB,20220315,84000,84100,81000,81100,2415900
VCB,20220314,83300,84200,83200,84200,1517200
VCB,20220311,83700,83900,83000,83800,906100
VCB,20220310,83000,83700,82900,83500,1184100
VCB,20220309,81800,83100,81700,83000,1404300
VCB,20220308,83800,84500,81500,81500,2966300
VCB,20220307,84300,84900,83900,84900,1782800
VCB,20220304,85200,85500,84800,84900,1137100
VCB,20220303,85000,85500,84700,85500,1052200
VCB,20220302,85600,85600,84200,85000,1715600
VCB,20220301,84500,85400,84100,85000,1374400
VCB,20220228,85100,85100,84400,84500,1322100
VCB,20220225,85300,85900,85000,85100,1676500
VCB,20220224,86700,86800,85000,85300,2157700
VCB,20220223,87000,87000,85800,86900,986300
VCB,20220222,87000,87000,85000,86800,1600200
VCB,20220221,86600,87600,86600,87400,1096900
VCB,20220218,86400,87500,86400,87200,1066200
VCB,20220217,87000,87700,86800,87500,1491200
VCB,20220216,87500,87900,86400,87000,1365000
VCB,20220215,86000,88300,83800,87000,2453500
VCB,20220214,88100,88800,86000,86000,3709138
VCB,20220211,91300,91600,90000,90000,17258100
VCB,20220210,91100,93400,91000,91300,1827200
VCB,20220209,91200,91900,90300,90800,1612900
VCB,20220208,92400,92400,90100,92000,1225400
VCB,20220207,90600,92900,89500,92400,1725600
VCB,20220128,91000,92000,89000,89000,2140700
VCB,20220127,93000,94500,90400,91000,1732900
VCB,20220126,95800,95800,92600,94500,2523500
VCB,20220125,92500,96000,89000,95800,2396600
VCB,20220124,89400,93500,88200,93000,2728300
VCB,20220121,86900,90000,86100,89200,2611300
VCB,20220120,85200,87500,83100,87100,2794300
VCB,20220119,87500,87500,85000,86800,1414800
VCB,20220118,85500,87600,84000,87600,1735600
VCB,20220117,83000,88000,82300,86200,2668530
VCB,20220114,81900,83400,81000,83400,1552100
VCB,20220113,80500,84400,80200,81900,2571800
VCB,20220112,79400,80000,78000,80000,2301500
VCB,20220111,80000,80000,78500,79400,1081700
VCB,20220110,79700,79900,78500,79500,1156000
VCB,20220107,79600,79900,78200,79800,966200
VCB,20220106,78600,79900,77900,79100,1215600
VCB,20220105,79000,80400,78000,78000,1692100
VCB,20220104,79000,79400,78000,79000,1133800
VCB,20211231,79000,79200,78400,78800,422000
VCB,20211230,79800,79900,77700,78400,1009300
VCB,20211229,79500,79800,79100,79500,440000
VCB,20211228,80000,81000,78000,80000,2368800
VCB,20211227,78900,80300,77900,79800,934100
VCB,20211224,76800,78500,76800,78500,849400
VCB,20211223,77500,78900,76500,76500,1489000
VCB,20211222,77000,77800,76600,76900,1915300
VCB,20211221,76644.81712943595,77264.16918704756,76257.7220934287,76567.3981222345,774100
VCB,20211220,76257.7220934287,77031.91216544321,75948.0460646229,77031.91216544321,841900
VCB,20211217,77419.00720145045,77419.00720145045,74709.34194939969,74709.34194939969,3475700
VCB,20211216,78038.35925906205,78038.35925906205,75948.0460646229,76722.23613663741,1047100
VCB,20211215,77031.91216544321,77960.94025186061,76644.81712943595,77341.58819424901,837300
VCB,20211214,77109.33117264466,77806.10223745772,76722.23613663741,76877.0741510403,862300
VCB,20211213,78967.38734547947,78967.38734547947,76799.65514383886,77109.33117264466,1098000
VCB,20211210,78193.19727346496,79586.73940309107,77341.58819424901,77419.00720145045,1934200
VCB,20211209,75406.11301421275,76954.49315824175,75328.69400701129,76799.65514383886,960000
VCB,20211208,75870.62705742144,76954.49315824175,75870.62705742144,76412.5601078316,507500
VCB,20211207,74399.66592059389,76954.49315824175,74399.66592059389,76025.46507182435,873000
VCB,20211206,75870.62705742144,77419.00720145045,73857.73287018374,73857.73287018374,1091600
VCB,20211203,76799.65514383886,78038.35925906205,75483.5320214142,75870.62705742144,795900
VCB,20211202,77651.26422305481,78038.35925906205,76489.97911503306,76722.23613663741,787700
VCB,20211201,76954.49315824175,78580.29230947222,76102.8840790258,76644.81712943595,634500
VCB,20211130,80515.76748950848,80515.76748950848,76567.3981222345,76567.3981222345,1336500
VCB,20211129,79973.83443909833,81212.53855432152,78193.19727346496,78270.6162806664,851000
VCB,20211126,82606.08068394764,83767.3657919694,80515.76748950848,81289.95756152298,962600
VCB,20211125,81289.95756152298,83612.52777756649,80980.28153271718,82915.75671275344,1557500
VCB,20211124,76799.65514383886,81754.47160473168,76799.65514383886,81135.11954712008,1883300
VCB,20211123,76644.81712943595,76722.23613663741,76025.46507182435,76722.23613663741,658200
VCB,20211122,75328.69400701129,76567.3981222345,75173.8559926084,76489.97911503306,1078900
VCB,20211119,75251.27499980984,75793.20805022,75173.8559926084,75173.8559926084,413000
VCB,20211118,76102.8840790258,76102.8840790258,75096.43698540694,75096.43698540694,818700
VCB,20211117,75251.27499980984,75948.0460646229,75251.27499980984,75870.62705742144,850300
VCB,20211116,75638.37003581709,76257.7220934287,75096.43698540694,75251.27499980984,706300
VCB,20211115,76102.8840790258,76644.81712943595,75251.27499980984,75638.37003581709,834700
VCB,20211112,76102.8840790258,76102.8840790258,75483.5320214142,76025.46507182435,676800
VCB,20211111,75715.78904301855,76877.0741510403,75096.43698540694,76102.8840790258,1115600
VCB,20211110,75173.8559926084,76025.46507182435,74941.59897100404,75560.95102861564,877100
VCB,20211109,75870.62705742144,76335.14110063015,75096.43698540694,75173.8559926084,1434400
VCB,20211108,75948.0460646229,76180.30308622724,75483.5320214142,76025.46507182435,1206200
VCB,20211105,75483.5320214142,76644.81712943595,75096.43698540694,75483.5320214142,1576000
VCB,20211104,76412.5601078316,76489.97911503306,75251.27499980984,76180.30308622724,989400
VCB,20211103,75638.37003581709,76489.97911503306,75328.69400701129,76412.5601078316,2358300
VCB,20211102,75406.11301421275,75870.62705742144,75328.69400701129,75793.20805022,808300
VCB,20211101,75948.0460646229,76025.46507182435,75096.43698540694,75096.43698540694,1077500
VCB,20211029,75328.69400701129,76180.30308622724,75019.01797820549,75870.62705742144,1304800
VCB,20211028,74786.76095660114,75793.20805022,74399.66592059389,75793.20805022,1858200
VCB,20211027,73238.38081257213,74709.34194939969,73006.12379096779,74399.66592059389,1465800
VCB,20211026,72851.28577656488,73238.38081257213,72464.19074055763,72773.86676936343,735000
VCB,20211025,74244.82790619099,74244.82790619099,72851.28577656488,72851.28577656488,800600
VCB,20211022,73548.05684137794,73548.05684137794,72773.86676936343,73006.12379096779,322000
VCB,20211021,73857.73287018374,74322.24691339243,72773.86676936343,72773.86676936343,1329100
VCB,20211020,74631.92294219825,74864.1799638026,72773.86676936343,73548.05684137794,1561000
VCB,20211019,74399.66592059389,74709.34194939969,73702.89485578083,74631.92294219825,918300
VCB,20211018,74554.50393499678,75096.43698540694,73548.05684137794,74322.24691339243,1350900
VCB,20211015,74941.59897100404,75328.69400701129,74709.34194939969,74709.34194939969,731500
VCB,20211014,75096.43698540694,75251.27499980984,74244.82790619099,74864.1799638026,1866700
VCB,20211013,75793.20805022,75870.62705742144,75096.43698540694,75096.43698540694,1555800
VCB,20211012,76102.8840790258,76102.8840790258,75096.43698540694,75096.43698540694,913500
VCB,20211011,75096.43698540694,76180.30308622724,74941.59897100404,75483.5320214142,1178000
VCB,20211008,74786.76095660114,75096.43698540694,74012.57088458663,75096.43698540694,785500
VCB,20211007,74012.57088458663,74941.59897100404,73548.05684137794,74941.59897100404,847200
VCB,20211006,74012.57088458663,74012.57088458663,73393.21882697503,74012.57088458663,773200
VCB,20211005,73625.47584857939,74399.66592059389,73625.47584857939,74012.57088458663,1061700
VCB,20211004,74322.24691339243,74709.34194939969,73083.54279816923,73238.38081257213,959300
VCB,20211001,75328.69400701129,76025.46507182435,74167.40889898954,74244.82790619099,3061848
VCB,20210930,76257.7220934287,76335.14110063015,75173.8559926084,75251.27499980984,1287900
VCB,20210929,77031.91216544321,77031.91216544321,75483.5320214142,76257.7220934287,565000
VCB,20210928,75715.78904301855,76877.0741510403,75483.5320214142,76799.65514383886,566500
VCB,20210927,77031.91216544321,77186.7501798461,75870.62705742144,75870.62705742144,518900
VCB,20210924,77031.91216544321,77264.16918704756,76877.0741510403,77031.91216544321,454700
VCB,20210923,77109.33117264466,77728.68323025625,76257.7220934287,77031.91216544321,758000
VCB,20210922,76180.30308622724,77031.91216544321,75870.62705742144,77031.91216544321,916200
VCB,20210921,77031.91216544321,77264.16918704756,75870.62705742144,75870.62705742144,862000
VCB,20210920,75328.69400701129,78193.19727346496,75328.69400701129,77109.33117264466,2359900
VCB,20210917,75483.5320214142,76180.30308622724,75251.27499980984,75251.27499980984,1023200
VCB,20210916,76567.3981222345,76567.3981222345,75483.5320214142,75948.0460646229,570400
VCB,20210915,76102.8840790258,76102.8840790258,75173.8559926084,75173.8559926084,880500
VCB,20210914,75948.0460646229,76257.7220934287,75096.43698540694,76102.8840790258,2751500
VCB,20210913,76489.97911503306,76644.81712943595,75948.0460646229,75948.0460646229,1043100
VCB,20210910,77264.16918704756,77264.16918704756,76335.14110063015,76799.65514383886,939800
VCB,20210909,77186.7501798461,77496.4262086519,76335.14110063015,76877.0741510403,838200
VCB,20210908,77419.00720145045,77496.4262086519,74941.59897100404,77186.7501798461,928000
VCB,20210907,77341.58819424901,78038.35925906205,77264.16918704756,77419.00720145045,1123800
VCB,20210906,76954.49315824175,77496.4262086519,76954.49315824175,77419.00720145045,978700
VCB,20210901,76954.49315824175,77341.58819424901,74322.24691339243,76954.49315824175,907500
VCB,20210831,77031.91216544321,77341.58819424901,76102.8840790258,76954.49315824175,1013900
VCB,20210830,76180.30308622724,76954.49315824175,75715.78904301855,76877.0741510403,1542495
VCB,20210827,74322.24691339243,76257.7220934287,74322.24691339243,75715.78904301855,1106600
VCB,20210826,75715.78904301855,76644.81712943595,74941.59897100404,74941.59897100404,1158900
VCB,20210825,75096.43698540694,76644.81712943595,74941.59897100404,75483.5320214142,1119200
VCB,20210824,76799.65514383886,76799.65514383886,74709.34194939969,75096.43698540694,1090100
VCB,20210823,76644.81712943595,77419.00720145045,74786.76095660114,75328.69400701129,2136200
VCB,20210820,78348.03528786787,78889.96833827802,76954.49315824175,77496.4262086519,1860500
VCB,20210819,77960.94025186061,79741.57741749397,77264.16918704756,79586.73940309107,2617600
VCB,20210818,78193.19727346496,79354.48238148671,77186.7501798461,78193.19727346496,1848000
VCB,20210817,79354.48238148671,79741.57741749397,78193.19727346496,78193.19727346496,1930700
VCB,20210816,77109.33117264466,77883.52124465916,76644.81712943595,77883.52124465916,2053400
VCB,20210813,77341.58819424901,77341.58819424901,76102.8840790258,77109.33117264466,1568900
VCB,20210812,77806.10223745772,78038.35925906205,77031.91216544321,77341.58819424901,1048600
VCB,20210811,76877.0741510403,78735.13032387511,76722.23613663741,77806.10223745772,1711800
VCB,20210810,76644.81712943595,76799.65514383886,76257.7220934287,76644.81712943595,1597400
VCB,20210809,75948.0460646229,76567.3981222345,75638.37003581709,76102.8840790258,1290900
VCB,20210806,77264.16918704756,77264.16918704756,75948.0460646229,75948.0460646229,1114400
VCB,20210805,75870.62705742144,77031.91216544321,75793.20805022,76954.49315824175,1127700
VCB,20210804,76799.65514383886,76877.0741510403,75948.0460646229,76257.7220934287,1222300
VCB,20210803,75173.8559926084,76489.97911503306,75096.43698540694,76489.97911503306,1265700
VCB,20210802,75096.43698540694,76412.5601078316,74631.92294219825,75096.43698540694,1395000
VCB,20210730,75328.69400701129,76489.97911503306,75251.27499980984,75870.62705742144,1564600
VCB,20210729,75406.11301421275,75793.20805022,75096.43698540694,75793.20805022,1191800
VCB,20210728,73625.47584857939,75096.43698540694,73625.47584857939,75096.43698540694,1490800
VCB,20210727,75483.5320214142,75560.95102861564,73548.05684137794,73548.05684137794,2686200
VCB,20210726,74709.34194939969,75483.5320214142,74089.9898917881,74322.24691339243,1294200
VCB,20210723,76877.0741510403,77264.16918704756,75096.43698540694,75096.43698540694,1744300
VCB,20210722,76567.3981222345,77960.94025186061,75870.62705742144,77651.26422305481,1500800
VCB,20210721,77031.91216544321,77806.10223745772,76102.8840790258,76644.81712943595,1463700
VCB,20210720,75715.78904301855,78193.19727346496,72386.77173335617,77573.84521585336,2652500
VCB,20210719,77419.00720145045,77573.84521585336,74244.82790619099,75096.43698540694,2689700
VCB,20210716,79354.48238148671,80051.25344629977,78193.19727346496,79354.48238148671,1617300
VCB,20210715,77573.84521585336,80902.86252551572,77573.84521585336,79354.48238148671,2339400
VCB,20210714,80051.25344629977,80128.67245350122,77419.00720145045,78812.54933107656,2316700
VCB,20210713,82760.91869835054,82760.91869835054,79044.80635268091,80051.25344629977,2356600
VCB,20210712,84773.81288558825,84773.81288558825,79818.99642469542,82915.75671275344,2500600
VCB,20210709,85160.9079215955,86012.51700081145,82683.49969114909,85006.0699071926,3021900
VCB,20210708,86089.93600801291,87483.47813763902,84386.717849581,85935.09799361,1384100
VCB,20210707,86709.28806562451,87793.15416644482,82064.14763353749,87793.15416644482,2808000
VCB,20210706,87096.38310163177,89031.85828166803,86709.28806562451,86709.28806562451,1754600
VCB,20210705,88180.24920245208,88180.24920245208,85857.67898640856,87947.99218084772,2416000
VCB,20210702,90115.72438248833,90270.56239689123,88257.66820965352,88954.43927446658,1767290
VCB,20210701,90347.98140409269,90425.40041129413,89031.85828166803,90115.72438248833,2056400
VCB,20210630,88257.66820965352,90735.07644009993,88257.66820965352,90115.72438248833,3337000
VCB,20210629,86709.28806562451,88257.66820965352,86322.19302961726,88257.66820965352,2353100
VCB,20210628,87173.80210883322,87483.47813763902,86012.51700081145,87173.80210883322,2360500
VCB,20210625,85702.84097200565,87328.64012323611,84309.29884237955,87173.80210883322,2321990
VCB,20210624,85160.9079215955,85780.25997920711,83457.6897631636,85702.84097200565,1143400
VCB,20210623,83612.52777756649,85935.09799361,82838.337705552,84928.65089999115,2308600
VCB,20210622,82915.75671275344,83999.62281357375,82451.24266954474,83302.85174876069,2171000
VCB,20210621,83612.52777756649,83767.3657919694,82064.14763353749,82528.66167674618,3007900
VCB,20210618,80902.86252551572,84386.717849581,80748.02451111283,83999.62281357375,3824900
VCB,20210617,80515.76748950848,81289.95756152298,78967.38734547947,80670.60550391137,2896100
VCB,20210616,79354.48238148671,82064.14763353749,79354.48238148671,80515.76748950848,2898400
VCB,20210615,79044.80635268091,79741.57741749397,78193.19727346496,79586.73940309107,1440700
VCB,20210614,79044.80635268091,80051.25344629977,78425.45429506931,78967.38734547947,1548700
VCB,20210611,78270.6162806664,80128.67245350122,77806.10223745772,79586.73940309107,2048000
VCB,20210610,78967.38734547947,79664.15841029253,77419.00720145045,78812.54933107656,2282500
VCB,20210609,77419.00720145045,78967.38734547947,76799.65514383886,78967.38734547947,2433900
VCB,20210608,79741.57741749397,80515.76748950848,77419.00720145045,77419.00720145045,2351600
VCB,20210607,80748.02451111283,81212.53855432152,78348.03528786787,79741.57741749397,3023900
VCB,20210604,82451.24266954474,82451.24266954474,80593.18649670992,81212.53855432152,2945800
VCB,20210603,82141.56664073894,83612.52777756649,82064.14763353749,82606.08068394764,2802000
VCB,20210602,80515.76748950848,83225.43274155924,80283.51046790413,82064.14763353749,5416100
VCB,20210601,76954.49315824175,80670.60550391137,76412.5601078316,80283.51046790413,4573500
VCB,20210531,78193.19727346496,78193.19727346496,76102.8840790258,76335.14110063015,2821000
VCB,20210528,76644.81712943595,78270.6162806664,75560.95102861564,77109.33117264466,2230000
VCB,20210527,77728.68323025625,77728.68323025625,75870.62705742144,76412.5601078316,1818400
VCB,20210526,77341.58819424901,78812.54933107656,77186.7501798461,77728.68323025625,2356000
VCB,20210525,75406.11301421275,77419.00720145045,75406.11301421275,77264.16918704756,4450000
VCB,20210524,75483.5320214142,76257.7220934287,74709.34194939969,75406.11301421275,1874700
VCB,20210521,74554.50393499678,75870.62705742144,74322.24691339243,74941.59897100404,1799200
VCB,20210520,72851.28577656488,76644.81712943595,72851.28577656488,76644.81712943595,1938100
VCB,20210519,73238.38081257213,73238.38081257213,72619.02875496053,72851.28577656488,1738100
VCB,20210518,73780.31386298228,74322.24691339243,73160.96180537068,73238.38081257213,2103400
VCB,20210517,75173.8559926084,75328.69400701129,74167.40889898954,74322.24691339243,1715100
VCB,20210514,75406.11301421275,76102.8840790258,74786.76095660114,75019.01797820549,1443600
VCB,20210513,75251.27499980984,75715.78904301855,74941.59897100404,74941.59897100404,1767000
VCB,20210512,75793.20805022,75793.20805022,75096.43698540694,75328.69400701129,1218300
VCB,20210511,76025.46507182435,76877.0741510403,75483.5320214142,75793.20805022,1271500
VCB,20210510,74864.1799638026,76025.46507182435,74244.82790619099,75948.0460646229,1743000
VCB,20210507,76567.3981222345,76644.81712943595,74864.1799638026,75096.43698540694,2284800
VCB,20210506,78348.03528786787,78735.13032387511,76644.81712943595,76877.0741510403,1161200
VCB,20210505,76722.23613663741,78967.38734547947,76722.23613663741,78348.03528786787,1895700
VCB,20210504,76644.81712943595,77109.33117264466,75870.62705742144,76722.23613663741,1651800
VCB,20210429,76644.81712943595,77419.00720145045,75870.62705742144,77419.00720145045,1615700
VCB,20210428,76644.81712943595,76877.0741510403,75638.37003581709,76644.81712943595,1553900
VCB,20210427,76335.14110063015,77109.33117264466,75638.37003581709,76644.81712943595,1191800
VCB,20210426,80515.76748950848,80515.76748950848,75793.20805022,76335.14110063015,3695400
VCB,20210423,79741.57741749397,80515.76748950848,77806.10223745772,80515.76748950848,2578800
VCB,20210422,79741.57741749397,81754.47160473168,79122.22535988237,79741.57741749397,3311700
VCB,20210420,76722.23613663741,81289.95756152298,76257.7220934287,79741.57741749397,6274200
VCB,20210419,75096.43698540694,76257.7220934287,74167.40889898954,76257.7220934287,1508500
VCB,20210416,75328.69400701129,76257.7220934287,74322.24691339243,74554.50393499678,1615900
VCB,20210415,77264.16918704756,77264.16918704756,74941.59897100404,75483.5320214142,2152800
VCB,20210414,75328.69400701129,76412.5601078316,75019.01797820549,76412.5601078316,1436800
VCB,20210413,77419.00720145045,77419.00720145045,75483.5320214142,75483.5320214142,1670900
VCB,20210412,76257.7220934287,76799.65514383886,75406.11301421275,76567.3981222345,2670100
VCB,20210409,77031.91216544321,77031.91216544321,75483.5320214142,75483.5320214142,2101700
VCB,20210408,78889.96833827802,78889.96833827802,77031.91216544321,77419.00720145045,1575400
VCB,20210407,78193.19727346496,78967.38734547947,77728.68323025625,78889.96833827802,1182700
VCB,20210406,78967.38734547947,79354.48238148671,77806.10223745772,78889.96833827802,2293200
VCB,20210405,77419.00720145045,79586.73940309107,76335.14110063015,78967.38734547947,3618400
VCB,20210402,75483.5320214142,76257.7220934287,75019.01797820549,75715.78904301855,2381600
VCB,20210401,73702.89485578083,75638.37003581709,73702.89485578083,75019.01797820549,3297600
VCB,20210331,73160.96180537068,73625.47584857939,72851.28577656488,73393.21882697503,970600
VCB,20210330,73780.31386298228,73780.31386298228,72851.28577656488,73393.21882697503,2625700
VCB,20210329,73702.89485578083,74167.40889898954,72386.77173335617,73780.31386298228,2895800
VCB,20210326,73548.05684137794,73935.15187738519,72541.60974775908,73470.63783417648,1222800
VCB,20210325,73315.79981977359,74322.24691339243,73160.96180537068,73625.47584857939,1237300
VCB,20210324,73548.05684137794,74244.82790619099,72851.28577656488,73315.79981977359,1509800
VCB,20210323,75019.01797820549,75019.01797820549,73857.73287018374,74167.40889898954,966800
VCB,20210322,74322.24691339243,75483.5320214142,73857.73287018374,75096.43698540694,1979000
VCB,20210319,75173.8559926084,75173.8559926084,72928.70478376633,72928.70478376633,1595700
VCB,20210318,74477.08492779534,75483.5320214142,73935.15187738519,75483.5320214142,1635100
VCB,20210317,73935.15187738519,74167.40889898954,73548.05684137794,74012.57088458663,1304400
VCB,20210316,74322.24691339243,74322.24691339243,73625.47584857939,74089.9898917881,655800
VCB,20210315,74322.24691339243,75096.43698540694,73935.15187738519,74554.50393499678,1464400
VCB,20210312,74554.50393499678,74709.34194939969,73160.96180537068,74167.40889898954,1324800
VCB,20210311,74167.40889898954,74941.59897100404,74167.40889898954,74554.50393499678,1078800
VCB,20210310,73548.05684137794,74167.40889898954,72773.86676936343,73935.15187738519,1089900
VCB,20210309,73548.05684137794,73548.05684137794,72077.09570455037,73548.05684137794,1449300
VCB,20210308,75096.43698540694,75096.43698540694,73548.05684137794,73702.89485578083,1521800
VCB,20210305,75173.8559926084,75251.27499980984,73548.05684137794,74631.92294219825,1737600
VCB,20210304,76335.14110063015,77031.91216544321,72077.09570455037,75328.69400701129,1183100
VCB,20210303,76102.8840790258,76954.49315824175,76025.46507182435,76180.30308622724,965460
VCB,20210302,77419.00720145045,78812.54933107656,75870.62705742144,76877.0741510403,1245700
VCB,20210301,76025.46507182435,76877.0741510403,76025.46507182435,76799.65514383886,976200
VCB,20210226,75328.69400701129,76644.81712943595,75096.43698540694,76025.46507182435,1091420
VCB,20210225,76644.81712943595,77031.91216544321,75560.95102861564,76025.46507182435,922100
VCB,20210224,77806.10223745772,78193.19727346496,74709.34194939969,75948.0460646229,1330300
VCB,20210223,77419.00720145045,78193.19727346496,76799.65514383886,77419.00720145045,1441400
VCB,20210222,77806.10223745772,78967.38734547947,77651.26422305481,77883.52124465916,1388700
VCB,20210219,76799.65514383886,78735.13032387511,76722.23613663741,78425.45429506931,1942200
VCB,20210218,76644.81712943595,78967.38734547947,75870.62705742144,78967.38734547947,1688900
VCB,20210217,75483.5320214142,77419.00720145045,75483.5320214142,77419.00720145045,1054100
VCB,20210209,75096.43698540694,75406.11301421275,72077.09570455037,75251.27499980984,2978900
VCB,20210208,76644.81712943595,77264.16918704756,72077.09570455037,72851.28577656488,2902200
VCB,20210205,76567.3981222345,77419.00720145045,75793.20805022,77419.00720145045,1035300
VCB,20210204,76567.3981222345,76644.81712943595,72696.44776216197,76567.3981222345,967300
VCB,20210203,75793.20805022,76644.81712943595,74786.76095660114,76567.3981222345,1454600
VCB,20210202,71225.48662533442,74864.1799638026,71225.48662533442,74709.34194939969,1152800
VCB,20210201,74322.24691339243,74322.24691339243,70451.29655331992,70528.71556052136,1331300
VCB,20210129,66193.25115724014,75019.01797820549,66193.25115724014,71999.67669734893,1359000
VCB,20210128,71225.48662533442,72231.93371895328,70141.62052451412,70141.62052451412,1811700
VCB,20210127,76722.23613663741,77419.00720145045,72696.44776216197,75406.11301421275,1659000
VCB,20210126,79354.48238148671,79354.48238148671,76644.81712943595,78115.77826626351,970500
VCB,20210125,78270.6162806664,79741.57741749397,78270.6162806664,79354.48238148671,745900
VCB,20210122,79741.57741749397,80515.76748950848,78967.38734547947,79741.57741749397,1876400
VCB,20210121,76722.23613663741,79741.57741749397,75870.62705742144,79741.57741749397,1320700
VCB,20210120,76644.81712943595,81986.72862633603,75870.62705742144,76722.23613663741,2093000
VCB,20210119,79818.99642469542,79973.83443909833,74399.66592059389,76644.81712943595,2401120
VCB,20210118,80128.67245350122,81289.95756152298,79741.57741749397,79973.83443909833,1112400
VCB,20210115,81135.11954712008,81212.53855432152,79354.48238148671,79896.41543189686,1202600
VCB,20210114,81289.95756152298,81444.79557592588,79973.83443909833,80438.34848230702,932200
VCB,20210113,81754.47160473168,82141.56664073894,80515.76748950848,81135.11954712008,1338200
VCB,20210112,81754.47160473168,81754.47160473168,80670.60550391137,81754.47160473168,842950
VCB,20210111,80980.28153271718,81831.89061193314,80593.18649670992,80902.86252551572,847400
VCB,20210108,83612.52777756649,83612.52777756649,80902.86252551572,81135.11954712008,1000900
VCB,20210107,80515.76748950848,83999.62281357375,80515.76748950848,82838.337705552,1199800
VCB,20210106,77031.91216544321,82218.98564794038,76877.0741510403,81289.95756152298,2080400
VCB,20210105,76644.81712943595,77883.52124465916,76644.81712943595,76877.0741510403,1096230
VCB,20210104,75870.62705742144,77264.16918704756,75328.69400701129,76644.81712943595,907900
VCB,20201231,75793.20805022,76644.81712943595,75096.43698540694,75793.20805022,367140
VCB,20201230,76799.65514383886,77109.33117264466,75483.5320214142,75793.20805022,709200
VCB,20201229,75870.62705742144,77264.16918704756,75715.78904301855,76799.65514383886,696510
VCB,20201228,75870.62705742144,76025.46507182435,75328.69400701129,75870.62705742144,836090
VCB,20201225,75096.43698540694,75560.95102861564,74864.1799638026,75560.95102861564,383960
VCB,20201224,75793.20805022,75793.20805022,74322.24691339243,75328.69400701129,971730
VCB,20201223,75483.5320214142,76257.7220934287,75019.01797820549,75483.5320214142,666390
VCB,20201222,75870.62705742144,75948.0460646229,75483.5320214142,75793.20805022,817840
VCB,20201221,76567.3981222345,76644.81712943595,75328.69400701129,76567.3981222345,737030
VCB,20201218,73721.05583877844,75948.04606724154,73721.05583877844,75948.04606724154,1053200
VCB,20201217,75717.66776774536,75717.66776774536,72953.12817379116,73721.05583877844,2305960
VCB,20201216,75640.87500124663,76715.97373222881,75103.32563575554,76715.97373222881,740700
VCB,20201215,76024.83883374027,76639.18096573009,74105.01967127208,75103.32563575554,1433260
VCB,20201214,74642.56903676318,76715.97373222881,73644.26307227972,76715.97373222881,931080
VCB,20201211,74642.56903676318,74719.3618032619,73644.26307227972,74642.56903676318,1366230
VCB,20201210,74105.01967127208,75026.53286925681,74028.22690477336,74642.56903676318,1299820
VCB,20201209,71878.02944280898,74105.01967127208,71570.85837681407,74105.01967127208,1198160
VCB,20201208,71417.27284381662,72108.40774230516,70265.38134633571,71494.06561031535,823320
VCB,20201207,70188.58857983697,71647.6511433128,70188.58857983697,71494.06561031535,945460
VCB,20201204,71570.85837681407,71801.23667631026,69958.21028034079,69958.21028034079,860900
VCB,20201203,71801.23667631026,72108.40774230516,70956.51624482425,71801.23667631026,772760
VCB,20201202,70649.34517882935,71801.23667631026,70265.38134633571,71801.23667631026,746710
VCB,20201201,69651.03921434589,71570.85837681407,69651.03921434589,70649.34517882935,1162270
VCB,20201130,71954.8222093077,72185.20050880389,70265.38134633571,71417.27284381662,1484340
VCB,20201127,72185.20050880389,72569.16434129752,71570.85837681407,72569.16434129752,1210580
VCB,20201126,71801.23667631026,72185.20050880389,71110.1017778217,72185.20050880389,698350
VCB,20201125,71033.30901132298,72338.78604180134,70879.72347832553,71801.23667631026,1124020
VCB,20201124,70649.34517882935,70956.51624482425,69727.83198084461,70956.51624482425,1038580
VCB,20201123,70726.13794532807,70956.51624482425,69881.41751384207,70342.17411283443,648830
VCB,20201120,69881.41751384207,71033.30901132298,69190.28261535351,71033.30901132298,1231960
VCB,20201119,67347.25621938406,69267.07538185225,67116.87791988788,69267.07538185225,2584440
VCB,20201118,67270.46345288533,67347.25621938406,66809.70685389296,67270.46345288533,906810
VCB,20201117,65888.19365590824,67270.46345288533,65657.81535641204,67270.46345288533,548250
VCB,20201116,66963.29238689042,67424.04898588278,65273.85152391841,65888.19365590824,1250340
VCB,20201113,66502.53578789806,66732.91408739424,66195.36472190314,66732.91408739424,417840
VCB,20201112,65811.4008894095,66425.74302139932,65734.60812291078,66348.9502549006,405350
VCB,20201111,65657.81535641204,66502.53578789806,65197.05875741968,65197.05875741968,1032520
VCB,20201110,66118.57195540442,67040.08515338914,65350.64429041714,65350.64429041714,1511520
VCB,20201109,65273.85152391841,65888.19365590824,65120.26599092096,65657.81535641204,1007000
VCB,20201106,65350.64429041714,65350.64429041714,64505.923858931135,65273.85152391841,323160
VCB,20201105,65657.81535641204,65657.81535641204,65120.26599092096,65273.85152391841,507960
VCB,20201104,65273.85152391841,65657.81535641204,64736.30215842732,65273.85152391841,394660
VCB,20201103,65888.19365590824,65964.98642240696,65043.47322442223,65273.85152391841,308550
VCB,20201102,63737.996193943865,65888.19365590824,63737.996193943865,65888.19365590824,366300
VCB,20201030,64198.752792936226,64813.094924926045,63584.41066094641,63737.996193943865,1090610
VCB,20201029,64813.094924926045,65120.26599092096,64121.9600264375,64198.752792936226,764720
VCB,20201028,66041.77918890568,66425.74302139932,64121.9600264375,64659.509391928594,896330
VCB,20201027,66041.77918890568,67040.08515338914,65657.81535641204,66041.77918890568,1169320
VCB,20201026,67193.6706863866,67424.04898588278,66041.77918890568,66041.77918890568,1024530
VCB,20201023,66732.91408739424,67193.6706863866,66579.32855439678,67193.6706863866,708310
VCB,20201022,66118.57195540442,66502.53578789806,65350.64429041714,66502.53578789806,1320610
VCB,20201021,67424.04898588278,68038.39111787261,65964.98642240696,66195.36472190314,1472050
VCB,20201020,66809.70685389296,67424.04898588278,66732.91408739424,67347.25621938406,1075780
VCB,20201019,67577.63451888024,67808.01281837642,67193.6706863866,67193.6706863866,1175250
VCB,20201016,67961.59835137388,68038.39111787261,67193.6706863866,67731.2200518777,722850
VCB,20201015,67731.2200518777,68038.39111787261,66656.12132089552,68038.39111787261,1424740
VCB,20201014,66656.12132089552,68345.56218386751,66579.32855439678,67731.2200518777,1206380
VCB,20201013,66041.77918890568,66732.91408739424,65657.81535641204,66425.74302139932,1388530
VCB,20201012,66041.77918890568,66809.70685389296,65120.26599092096,65964.98642240696,1574610
VCB,20201009,64889.887691424774,65273.85152391841,64889.887691424774,65120.26599092096,366200
VCB,20201008,65657.81535641204,65657.81535641204,64352.338325933684,65120.26599092096,612140
VCB,20201007,64198.752792936226,65427.43705691587,63814.78896044259,65273.85152391841,988270
VCB,20201006,64352.338325933684,64813.094924926045,63891.58172694132,64429.13109243241,3623210
VCB,20201005,64889.887691424774,65273.85152391841,64045.167259938775,64121.9600264375,874745
VCB,20201002,65120.26599092096,65273.85152391841,61434.213198982034,64505.923858931135,890840
VCB,20201001,65350.64429041714,65350.64429041714,64659.509391928594,65120.26599092096,367030
VCB,20200930,65273.85152391841,65273.85152391841,64352.338325933684,64582.716625429865,874450
VCB,20200929,66041.77918890568,66118.57195540442,64352.338325933684,64966.6804579235,1609090
VCB,20200928,65888.19365590824,66195.36472190314,65581.02258991332,66041.77918890568,1254760
VCB,20200925,66118.57195540442,66195.36472190314,65657.81535641204,66041.77918890568,1107270
VCB,20200924,64582.716625429865,66195.36472190314,64582.716625429865,66118.57195540442,1628730
VCB,20200923,64659.509391928594,65657.81535641204,64659.509391928594,65581.02258991332,1395190
VCB,20200922,63737.996193943865,64813.094924926045,63584.41066094641,64505.923858931135,1746960
VCB,20200921,63814.78896044259,64198.752792936226,63737.996193943865,63737.996193943865,1671360
VCB,20200918,63277.2395949515,63737.996193943865,63277.2395949515,63661.203427445136,1188400
VCB,20200917,63354.03236145023,63737.996193943865,62970.06852895659,63354.03236145023,1560590
VCB,20200916,63430.82512794895,63814.78896044259,62970.06852895659,63661.203427445136,628030
VCB,20200915,63737.996193943865,64121.9600264375,63354.03236145023,63354.03236145023,1318970
VCB,20200914,63584.41066094641,63814.78896044259,63507.61789444768,63737.996193943865,657680
VCB,20200911,63046.86129545532,63430.82512794895,62816.48299595913,63200.44682845277,665690
VCB,20200910,63737.996193943865,63968.374493440046,63046.86129545532,63046.86129545532,709700
VCB,20200909,62970.06852895659,63891.58172694132,62586.10469646295,63123.65406195404,1499680
VCB,20200908,64198.752792936226,64429.13109243241,63200.44682845277,63354.03236145023,2047560
VCB,20200907,65043.47322442223,65350.64429041714,64198.752792936226,64198.752792936226,1445780
VCB,20200904,65273.85152391841,66118.57195540442,65120.26599092096,65197.05875741968,2448360
VCB,20200903,64275.545559434955,66425.74302139932,64275.545559434955,66195.36472190314,2939090
VCB,20200901,63737.996193943865,63968.374493440046,63661.203427445136,63737.996193943865,1755600
VCB,20200831,64505.923858931135,64889.887691424774,63584.41066094641,63737.996193943865,971310
VCB,20200828,64198.752792936226,64429.13109243241,63968.374493440046,64045.167259938775,2627250
VCB,20200827,64121.9600264375,64429.13109243241,63891.58172694132,64121.9600264375,2375230
VCB,20200826,64429.13109243241,64429.13109243241,64045.167259938775,64121.9600264375,1639940
VCB,20200825,64429.13109243241,65197.05875741968,64429.13109243241,64429.13109243241,1895400
VCB,20200824,63737.996193943865,64966.6804579235,63737.996193943865,64429.13109243241,1812010
VCB,20200821,63737.996193943865,63891.58172694132,63430.82512794895,63661.203427445136,1381740
VCB,20200820,63737.996193943865,64889.887691424774,63737.996193943865,63737.996193943865,1453480
VCB,20200819,63200.44682845277,63737.996193943865,62970.06852895659,63737.996193943865,586790
VCB,20200818,63200.44682845277,63430.82512794895,62739.69022946041,63200.44682845277,400600
VCB,20200817,62970.06852895659,63661.203427445136,62739.69022946041,63200.44682845277,389480
VCB,20200814,63737.996193943865,63814.78896044259,62893.27576245786,62970.06852895659,875270
VCB,20200813,63661.203427445136,63737.996193943865,62970.06852895659,63737.996193943865,450008
VCB,20200812,63046.86129545532,63200.44682845277,62893.27576245786,63046.86129545532,310430
VCB,20200811,63354.03236145023,63430.82512794895,62816.48299595913,63046.86129545532,407420
VCB,20200810,63737.996193943865,63891.58172694132,62893.27576245786,62893.27576245786,808570
VCB,20200807,63737.996193943865,63737.996193943865,63277.2395949515,63661.203427445136,518660
VCB,20200806,63430.82512794895,63814.78896044259,62893.27576245786,63584.41066094641,822350
VCB,20200805,62893.27576245786,63737.996193943865,61741.38426497694,63507.61789444768,1177840
VCB,20200804,61434.213198982034,62893.27576245786,60973.45659998967,62893.27576245786,616840
VCB,20200803,58362.50253903293,60512.700000997305,58362.50253903293,60512.700000997305,442820
VCB,20200731,58362.50253903293,59437.60127001512,58362.50253903293,58669.67360502784,761940
VCB,20200730,59591.18680301258,60282.321701501125,59360.80850351639,59437.60127001512,937680
VCB,20200729,58362.50253903293,59898.35786900749,57671.367640544384,59514.39403651385,833570
VCB,20200728,59130.43020402021,60512.700000997305,58746.46637152657,60282.321701501125,964690
VCB,20200727,58362.50253903293,61434.213198982034,58362.50253903293,59130.43020402021,1274570
VCB,20200724,63046.86129545532,63200.44682845277,60282.321701501125,62202.14086396931,1341540
VCB,20200723,63354.03236145023,63584.41066094641,63046.86129545532,63354.03236145023,1404870
VCB,20200722,63354.03236145023,63354.03236145023,63123.65406195404,63354.03236145023,780320
VCB,20200721,63354.03236145023,63584.41066094641,62739.69022946041,63354.03236145023,1281740
VCB,20200720,63354.03236145023,63507.61789444768,62739.69022946041,63123.65406195404,826830
VCB,20200717,64198.752792936226,64198.752792936226,63584.41066094641,63584.41066094641,913590
VCB,20200716,64352.338325933684,64429.13109243241,63661.203427445136,64121.9600264375,1329430
VCB,20200715,63891.58172694132,64352.338325933684,63891.58172694132,64121.9600264375,1198530
VCB,20200714,63661.203427445136,63737.996193943865,63123.65406195404,63737.996193943865,506110
VCB,20200713,64045.167259938775,64121.9600264375,63277.2395949515,63661.203427445136,394630
VCB,20200710,64045.167259938775,64198.752792936226,63046.86129545532,63507.61789444768,1048560
VCB,20200709,64429.13109243241,64429.13109243241,63968.374493440046,64198.752792936226,1039170
VCB,20200708,63891.58172694132,64045.167259938775,63584.41066094641,63737.996193943865,585190
VCB,20200707,64505.923858931135,64659.509391928594,63968.374493440046,64045.167259938775,1366830
VCB,20200706,63737.996193943865,64045.167259938775,63277.2395949515,63661.203427445136,1270830
VCB,20200703,63354.03236145023,63968.374493440046,63123.65406195404,63737.996193943865,370340
VCB,20200702,63891.58172694132,63891.58172694132,62202.14086396931,63430.82512794895,669040
VCB,20200701,61664.59149847822,63507.61789444768,61434.213198982034,63507.61789444768,478440
VCB,20200630,63354.03236145023,63354.03236145023,61434.213198982034,61664.59149847822,974990
VCB,20200629,63968.374493440046,63968.374493440046,62278.93363046804,62586.10469646295,936380
VCB,20200626,64582.716625429865,65043.47322442223,63737.996193943865,63968.374493440046,1030930
VCB,20200625,63507.61789444768,64813.094924926045,63507.61789444768,64275.545559434955,546650
VCB,20200624,66041.77918890568,66041.77918890568,64582.716625429865,65043.47322442223,740160
VCB,20200623,65657.81535641204,66809.70685389296,65504.22982341459,66041.77918890568,957230
VCB,20200622,65273.85152391841,65734.60812291078,65273.85152391841,65657.81535641204,1381090
VCB,20200619,65273.85152391841,66041.77918890568,65273.85152391841,65581.02258991332,1280970
VCB,20200618,64505.923858931135,66425.74302139932,64429.13109243241,65273.85152391841,1949780
VCB,20200617,65273.85152391841,65427.43705691587,64352.338325933684,64659.509391928594,1241750
VCB,20200616,64505.923858931135,64505.923858931135,63277.2395949515,64275.545559434955,802980
VCB,20200615,65734.60812291078,65888.19365590824,62816.48299595913,62970.06852895659,1218540
VCB,20200612,63354.03236145023,66425.74302139932,63354.03236145023,65734.60812291078,1612920
VCB,20200611,68729.52601636115,68806.31878285987,66809.70685389296,67577.63451888024,1183900
VCB,20200610,68729.52601636115,68959.90431585733,68575.9404833637,68806.31878285987,3363590
VCB,20200609,69036.69708235607,69113.48984885479,68652.73324986243,68729.52601636115,417690
VCB,20200608,68345.56218386751,69267.07538185225,67884.80558487515,68652.73324986243,1222240
VCB,20200605,68422.35495036624,68575.9404833637,66809.70685389296,68345.56218386751,849570
VCB,20200604,67577.63451888024,68345.56218386751,67577.63451888024,68345.56218386751,736380
VCB,20200603,66809.70685389296,67500.84175238152,66732.91408739424,67500.84175238152,502750
VCB,20200602,66732.91408739424,66732.91408739424,66272.15748840188,66502.53578789806,1144040
VCB,20200601,65657.81535641204,66579.32855439678,65657.81535641204,66425.74302139932,925710
VCB,20200529,65273.85152391841,66041.77918890568,64889.887691424774,65427.43705691587,1161180
VCB,20200528,63737.996193943865,65350.64429041714,63737.996193943865,64889.887691424774,2318310
VCB,20200527,63737.996193943865,64813.094924926045,63661.203427445136,63661.203427445136,817770
VCB,20200526,62202.14086396931,63430.82512794895,62202.14086396931,63354.03236145023,939390
VCB,20200525,62125.34809747058,62432.51916346549,62048.55533097186,62278.93363046804,817710
VCB,20200522,62355.72639696677,62432.51916346549,61434.213198982034,62202.14086396931,1646320
VCB,20200521,61434.213198982034,62355.72639696677,61127.042132987124,62355.72639696677,1579620
VCB,20200520,60205.528935002396,61203.83489948585,60205.528935002396,61127.042132987124,756200
VCB,20200519,61357.42043248331,61511.00596548076,60512.700000997305,60666.285533994764,1712270
VCB,20200518,58592.88083852912,60666.285533994764,58208.91700603548,60282.321701501125,1145200
VCB,20200515,58669.67360502784,58746.46637152657,58055.33147303802,58362.50253903293,1702240
VCB,20200514,57594.57487404566,58669.67360502784,57517.78210754693,58362.50253903293,2218070
VCB,20200513,58055.33147303802,58746.46637152657,55290.79187908383,58055.33147303802,1851970
VCB,20200512,57287.403808050745,58362.50253903293,57133.818275053294,58055.33147303802,2305500
VCB,20200511,56442.683376564746,57210.61104155202,55674.75571157747,57210.61104155202,1749160
VCB,20200508,53754.93654910928,56980.232742055836,53601.351016111825,56442.683376564746,4065590
VCB,20200507,52065.49568613728,53524.558249613096,51988.70291963855,53524.558249613096,2389540
VCB,20200506,51681.53185364364,51988.70291963855,51067.18972165382,51911.91015313982,1182770
VCB,20200505,51681.53185364364,51988.70291963855,51297.56802115,51297.56802115,1007640
VCB,20200504,52219.08121913473,52295.87398563346,51297.56802115,51758.32462014237,908260
VCB,20200429,51451.15355414746,52295.87398563346,51451.15355414746,52219.08121913473,1629760
VCB,20200428,51297.56802115,52603.04505162837,50068.88375717036,51451.15355414746,2052860
VCB,20200427,53678.143782610554,53678.143782610554,51297.56802115,51297.56802115,2603060
VCB,20200424,53140.594417119464,53447.76548311437,51835.11738664109,52910.21611762328,1227270
VCB,20200423,54522.86421409656,54522.86421409656,52833.42335112455,53140.594417119464,1201610
VCB,20200422,52987.008884122006,54599.65698059528,52987.008884122006,53217.387183618186,1668290
VCB,20200421,54522.86421409656,54906.82804659019,52065.49568613728,54906.82804659019,2212110
VCB,20200420,55060.41357958765,55597.96294507874,54369.2786810991,55213.99911258511,1456030
VCB,20200417,54906.82804659019,55137.20634608638,54446.07144759783,54830.03528009147,1829140
VCB,20200416,53754.93654910928,54676.44974709401,53601.351016111825,54676.44974709401,1110050
VCB,20200415,53524.558249613096,54753.24251359274,53524.558249613096,54446.07144759783,1117740
VCB,20200414,54138.90038160292,54369.2786810991,52065.49568613728,53678.143782610554,1964570
VCB,20200413,54215.69314810164,55137.20634608638,53754.93654910928,54369.2786810991,1046830
VCB,20200410,54522.86421409656,55213.99911258511,53447.76548311437,54215.69314810164,1674380
VCB,20200409,52219.08121913473,55290.79187908383,52219.08121913473,54522.86421409656,2243720
VCB,20200408,51451.15355414746,52372.66675213219,51297.56802115,51835.11738664109,1778380
VCB,20200407,52219.08121913473,52987.008884122006,51297.56802115,52372.66675213219,1842570
VCB,20200406,51835.11738664109,52449.459518630916,50683.22588916018,52219.08121913473,2111200
VCB,20200403,49915.298224172904,50913.60418865636,49147.37055918563,50299.26205666654,1726690
VCB,20200401,47227.55139671744,50606.43312266145,47227.55139671744,49915.298224172904,1298320
VCB,20200331,47227.55139671744,49224.163325684356,46075.659899236525,47611.51522921108,957500
VCB,20200330,46152.452665735254,47150.75863021871,45922.074366239074,46843.5875642238,2155700
VCB,20200327,48609.82119369454,50606.43312266145,47995.47906170472,49224.163325684356,1849620
VCB,20200326,47611.51522921108,49684.919924676724,47227.55139671744,48533.02842719581,2035590
VCB,20200325,46075.659899236525,47611.51522921108,45845.281599740345,47611.51522921108,1835730
VCB,20200324,43925.46243727216,44846.97563525689,43464.70583827979,44539.80456926198,1498070
VCB,20200323,44232.63350326707,44923.76840175562,43925.46243727216,43925.46243727216,1920070
VCB,20200320,50683.22588916018,50913.60418865636,47227.55139671744,47227.55139671744,3603360
VCB,20200319,51681.53185364364,52756.630584625826,50683.22588916018,50683.22588916018,1231150
VCB,20200318,52219.08121913473,54292.48591460037,52219.08121913473,53217.387183618186,1603360
VCB,20200317,48840.19949319072,51835.11738664109,48840.19949319072,51835.11738664109,1384590
VCB,20200316,54522.86421409656,54522.86421409656,51067.18972165382,51527.94632064618,1247540
VCB,20200313,51220.77525465127,56058.71954407111,51220.77525465127,54522.86421409656,1959750
VCB,20200312,55290.79187908383,56058.71954407111,55060.41357958765,55060.41357958765,1602400
VCB,20200311,61741.38426497694,61741.38426497694,57133.818275053294,59130.43020402021,1996560
VCB,20200310,59898.35786900749,61357.42043248331,57901.74594004057,61357.42043248331,2267240
VCB,20200309,60666.285533994764,62125.34809747058,60359.11446799985,60359.11446799985,1423000
VCB,20200306,63737.996193943865,65811.4008894095,62970.06852895659,64889.887691424774,1138970
VCB,20200305,63123.65406195404,64198.752792936226,63123.65406195404,63814.78896044259,903660
VCB,20200304,62970.06852895659,62970.06852895659,62202.14086396931,62739.69022946041,604530
VCB,20200303,64121.9600264375,64121.9600264375,63123.65406195404,63123.65406195404,934270
VCB,20200302,62586.10469646295,63123.65406195404,62432.51916346549,62816.48299595913,939620
VCB,20200228,61511.00596548076,64045.167259938775,61511.00596548076,63277.2395949515,2210080
VCB,20200227,64505.923858931135,64966.6804579235,63661.203427445136,64505.923858931135,2013980
VCB,20200226,66041.77918890568,66041.77918890568,64505.923858931135,65273.85152391841,1229250
VCB,20200225,66041.77918890568,66809.70685389296,65888.19365590824,66195.36472190314,1229530
VCB,20200224,66041.77918890568,67577.63451888024,66041.77918890568,66963.29238689042,1050910
VCB,20200221,68729.52601636115,68729.52601636115,68345.56218386751,68345.56218386751,1016850
VCB,20200220,68883.11154935861,69420.6609148497,68499.14771686497,68729.52601636115,645400
VCB,20200219,68345.56218386751,68729.52601636115,68345.56218386751,68729.52601636115,319010
VCB,20200218,68806.31878285987,68806.31878285987,68345.56218386751,68652.73324986243,485880
VCB,20200217,68575.9404833637,69036.69708235607,68422.35495036624,68652.73324986243,343900
VCB,20200214,68345.56218386751,68959.90431585733,68345.56218386751,68575.9404833637,480800
VCB,20200213,68499.14771686497,68729.52601636115,68191.97665087006,68575.9404833637,686270
VCB,20200212,68959.90431585733,68959.90431585733,68422.35495036624,68652.73324986243,646750
VCB,20200211,68345.56218386751,68729.52601636115,68268.76941736879,68499.14771686497,568210
VCB,20200210,68499.14771686497,68729.52601636115,67961.59835137388,68268.76941736879,630060
VCB,20200207,68959.90431585733,69727.83198084461,68345.56218386751,69113.48984885479,1207540
VCB,20200206,68345.56218386751,69804.62474734333,68191.97665087006,68652.73324986243,963940
VCB,20200205,69267.07538185225,69420.6609148497,68191.97665087006,68268.76941736879,931310
VCB,20200204,68345.56218386751,68959.90431585733,67347.25621938406,68959.90431585733,1409210
VCB,20200203,64582.716625429865,69267.07538185225,63737.996193943865,68115.18388437133,1836670
VCB,20200131,67577.63451888024,68959.90431585733,67347.25621938406,68115.18388437133,1345160
VCB,20200130,70726.13794532807,70956.51624482425,66809.70685389296,68268.76941736879,3769560
VCB,20200122,72185.20050880389,72953.12817379116,71494.06561031535,71724.44390981153,908710
VCB,20200121,72108.40774230516,72645.95710779626,71878.02944280898,72185.20050880389,799590
VCB,20200120,72569.16434129752,72799.54264079372,71801.23667631026,72185.20050880389,860190
VCB,20200117,68729.52601636115,72569.16434129752,68729.52601636115,72569.16434129752,2250790
VCB,20200116,68575.9404833637,69343.86814835097,68268.76941736879,68729.52601636115,1271580
VCB,20200115,68806.31878285987,68806.31878285987,68191.97665087006,68575.9404833637,1499860
VCB,20200114,68729.52601636115,69113.48984885479,68422.35495036624,68652.73324986243,1001130
VCB,20200113,68345.56218386751,68959.90431585733,68345.56218386751,68652.73324986243,1722350
VCB,20200110,68115.18388437133,69420.6609148497,67500.84175238152,68729.52601636115,1596400
VCB,20200109,67347.25621938406,68268.76941736879,67347.25621938406,68115.18388437133,905650
VCB,20200108,66732.91408739424,67500.84175238152,66195.36472190314,66809.70685389296,842280
VCB,20200107,66809.70685389296,67500.84175238152,65581.02258991332,67424.04898588278,1122600
VCB,20200106,68499.14771686497,68729.52601636115,67193.6706863866,67193.6706863866,880110
VCB,20200103,70265.38134633571,70495.75964583189,69036.69708235607,69036.69708235607,536130
VCB,20200102,69267.07538185225,70188.58857983697,68883.11154935861,69727.83198084461,386290
VCB,20191231,69574.24644784715,69958.21028034079,69190.28261535351,69267.07538185225,250770
VCB,20191230,69497.45368134843,70802.93071182679,69113.48984885479,69881.41751384207,660140
VCB,20191227,67969.74432535606,68883.11155033285,67208.60497120874,68883.11155033285,498870
VCB,20191226,68883.11155033285,68883.11155033285,67741.40251911187,68045.8582607708,424110
VCB,20191225,68502.5418732592,69187.56729199179,67741.40251911187,68426.42793784446,251880
VCB,20191224,69111.45335657705,69111.45335657705,67665.28858369714,68502.5418732592,507600
VCB,20191223,67665.28858369714,69263.68122740652,67665.28858369714,69187.56729199179,957250
VCB,20191220,66980.26316496455,67360.8328420382,66828.03529413507,67208.60497120874,460360
VCB,20191219,65990.78200457302,67132.49103579401,65457.984456669896,66980.26316496455,1118570
VCB,20191218,65001.300844181496,65990.78200457302,64925.186908766766,65990.78200457302,865740
VCB,20191217,65762.44019832883,66219.12381081721,64925.186908766766,64925.186908766766,383060
VCB,20191216,67284.71890662347,67284.71890662347,64696.84510252257,65457.984456669896,782550
VCB,20191213,67056.37710037928,67360.8328420382,66599.69348789088,67284.71890662347,766800
VCB,20191212,65534.09839208463,66980.26316496455,65457.984456669896,66599.69348789088,485750
VCB,20191211,65457.984456669896,65457.984456669896,64849.072973352035,65381.870521255165,471080
VCB,20191210,64925.186908766766,65381.870521255165,64696.84510252257,65001.300844181496,532290
VCB,20191209,64620.731167107835,65229.642650425696,64240.161490034174,64849.072973352035,433740
VCB,20191206,64544.617231693104,64849.072973352035,64240.161490034174,64620.731167107835,312400
VCB,20191205,64696.84510252257,65229.642650425696,64392.38936086364,64544.617231693104,398490
VCB,20191204,62337.31310466587,64544.617231693104,62032.85736300694,64468.50329627837,409730
VCB,20191203,63174.56639422792,64011.819683789974,62413.4270400806,62413.4270400806,635370
VCB,20191202,64925.186908766766,65229.642650425696,63174.56639422792,63555.13607130158,485800
VCB,20191129,65153.528715010965,65305.75658584043,64696.84510252257,64925.186908766766,375000
VCB,20191128,65457.984456669896,65686.3262629141,64620.731167107835,64925.186908766766,494650
VCB,20191127,65077.414779596234,66219.12381081721,64925.186908766766,65686.3262629141,551360
VCB,20191126,64316.275425448905,65305.75658584043,64316.275425448905,64468.50329627837,864130
VCB,20191125,65077.414779596234,65457.984456669896,62870.11065256899,64316.275425448905,1580550
VCB,20191122,66675.80742330561,67360.8328420382,64849.072973352035,65077.414779596234,1416230
VCB,20191121,67817.5164545266,68274.200067015,66599.69348789088,66599.69348789088,1034280
VCB,20191120,69263.68122740652,69263.68122740652,68121.97219618552,68121.97219618552,546280
VCB,20191119,66980.26316496455,69263.68122740652,66980.26316496455,69263.68122740652,571560
VCB,20191118,68121.97219618552,68426.42793784446,66599.69348789088,66675.80742330561,700550
VCB,20191115,68502.5418732592,69263.68122740652,68045.8582607708,68274.200067015,595270
VCB,20191114,68883.11155033285,69568.13696906544,68654.76974408865,69187.56729199179,420320
VCB,20191113,70177.0484523833,70177.0484523833,68502.5418732592,68883.11155033285,706550
VCB,20191112,69568.13696906544,70100.93451696857,69492.02303365071,69796.47877530965,595820
VCB,20191111,69872.59271072438,69872.59271072438,69263.68122740652,69492.02303365071,534260
VCB,20191108,69492.02303365071,69948.70664613911,69111.45335657705,69644.25090448018,815600
VCB,20191107,69263.68122740652,69948.70664613911,69263.68122740652,69492.02303365071,403850
VCB,20191106,69111.45335657705,70253.16238779803,69035.33942116232,69263.68122740652,905230
VCB,20191105,70100.93451696857,70405.3902586275,69035.33942116232,69111.45335657705,754630
VCB,20191104,67969.74432535606,70405.3902586275,67969.74432535606,70024.82058155384,1134260
VCB,20191101,66751.92135872034,68045.8582607708,66599.69348789088,67589.17464828241,1125990
VCB,20191031,67056.37710037928,67360.8328420382,66675.80742330561,66751.92135872034,754930
VCB,20191030,65534.09839208463,67132.49103579401,65534.09839208463,66828.03529413507,854260
VCB,20191029,66523.57955247615,66599.69348789088,65686.3262629141,65762.44019832883,1125620
VCB,20191028,66980.26316496455,67132.49103579401,66523.57955247615,66523.57955247615,857400
VCB,20191025,66143.00987540248,67360.8328420382,65914.66806915829,66980.26316496455,918490
VCB,20191024,64925.186908766766,66219.12381081721,64772.959037937304,66143.00987540248,762650
VCB,20191023,65077.414779596234,65305.75658584043,64392.38936086364,64925.186908766766,938120
VCB,20191022,64087.93361920471,65305.75658584043,64087.93361920471,65001.300844181496,966120
VCB,20191021,64620.731167107835,64620.731167107835,63631.25000671631,64087.93361920471,650890
VCB,20191018,65077.414779596234,65305.75658584043,64544.617231693104,64696.84510252257,530190
VCB,20191017,65762.44019832883,65762.44019832883,64544.617231693104,64849.072973352035,1051890
VCB,20191016,65610.21232749936,65686.3262629141,65229.642650425696,65534.09839208463,1069660
VCB,20191015,64696.84510252257,65001.300844181496,64468.50329627837,64849.072973352035,713400
VCB,20191014,65077.414779596234,65457.984456669896,64696.84510252257,64696.84510252257,620800
VCB,20191011,64316.275425448905,65001.300844181496,64240.161490034174,64925.186908766766,760280
VCB,20191010,64620.731167107835,64849.072973352035,64316.275425448905,64392.38936086364,846690
VCB,20191009,64772.959037937304,65229.642650425696,64316.275425448905,64316.275425448905,860160
VCB,20191008,63022.33852339846,64925.186908766766,63022.33852339846,64772.959037937304,1461940
VCB,20191007,63935.70574837524,64316.275425448905,63022.33852339846,63022.33852339846,1205390
VCB,20191004,62413.4270400806,63555.13607130158,62261.19916925113,63174.56639422792,1177660
VCB,20191003,62261.19916925113,62413.4270400806,61347.831944274345,62413.4270400806,1927610
VCB,20191002,63479.02213588685,63707.36394213105,62185.0852338364,62413.4270400806,1224650
VCB,20191001,62489.54097549533,63631.25000671631,62261.19916925113,63479.02213588685,1280100
VCB,20190930,63098.45245881319,63402.90820047212,62337.31310466587,62489.54097549533,845770
VCB,20190927,61880.62949217747,63250.68032964265,61500.05981510381,63098.45245881319,1388490
VCB,20190926,61423.945879689076,61880.62949217747,61119.490138030145,61652.287685933275,1204790
VCB,20190925,60891.148331785946,61576.17375051854,60434.46471929755,61423.945879689076,783340
VCB,20190924,60510.578654712284,61500.05981510381,60053.89504222389,61347.831944274345,791470
VCB,20190923,62108.97129842167,62337.31310466587,60130.00897763862,60130.00897763862,1187100
VCB,20190920,62032.85736300694,63022.33852339846,61652.287685933275,61652.287685933275,2881700
VCB,20190919,61652.287685933275,62185.0852338364,61271.71800885961,62032.85736300694,527230
VCB,20190918,61728.401621348006,62793.99671715426,61271.71800885961,61347.831944274345,1009820
VCB,20190917,61423.945879689076,61880.62949217747,61271.71800885961,61728.401621348006,896290
VCB,20190916,62337.31310466587,62946.22458798372,61500.05981510381,61652.287685933275,782310
VCB,20190913,60738.920460956484,62413.4270400806,60738.920460956484,62337.31310466587,1433780
VCB,20190912,59749.43930056496,60510.578654712284,59749.43930056496,60510.578654712284,1020240
VCB,20190911,58836.07207558817,59749.43930056496,58836.07207558817,59521.09749432076,226450
VCB,20190910,58759.95814017344,60282.23684846809,58683.84420475871,59140.5278172471,675950
VCB,20190909,58836.07207558817,58912.1860110029,58607.73026934398,58759.95814017344,236440
VCB,20190906,59368.8696234913,59368.8696234913,58607.73026934398,58836.07207558817,372990
VCB,20190905,58759.95814017344,59977.78110680916,58759.95814017344,59064.41388183237,432900
VCB,20190904,58988.29994641764,58988.29994641764,58531.61633392924,58836.07207558817,527770
VCB,20190903,59216.64175266183,59292.75568807657,58379.38846309978,59216.64175266183,665830
VCB,20190830,58607.73026934398,59140.5278172471,58607.73026934398,59140.5278172471,280130
VCB,20190829,58531.61633392924,58912.1860110029,58227.16059227031,58455.50239851451,422240
VCB,20190828,58455.50239851451,58836.07207558817,58455.50239851451,58607.73026934398,908810
VCB,20190827,59521.09749432076,59977.78110680916,57846.59091519665,58227.16059227031,1269440
VCB,20190826,59521.09749432076,59825.55323597969,58988.29994641764,59216.64175266183,672220
VCB,20190823,60891.148331785946,61043.376202615415,60282.23684846809,60282.23684846809,633508
VCB,20190822,61043.376202615415,61195.604073444876,60586.692590127015,60891.148331785946,782090
VCB,20190821,58531.61633392924,61119.490138030145,58379.38846309978,60891.148331785946,2007720
VCB,20190820,59216.64175266183,59216.64175266183,58379.38846309978,58531.61633392924,453760
VCB,20190819,59292.75568807657,59749.43930056496,58379.38846309978,58455.50239851451,692740
VCB,20190816,59216.64175266183,59825.55323597969,59216.64175266183,59292.75568807657,631180
VCB,20190815,56780.995819390395,60130.00897763862,56780.995819390395,60130.00897763862,539330
VCB,20190814,59368.8696234913,59368.8696234913,58074.93272144085,58074.93272144085,354750
VCB,20190813,58759.95814017344,58988.29994641764,57770.47697978192,58074.93272144085,909300
VCB,20190812,59749.43930056496,59977.78110680916,58759.95814017344,59140.5278172471,586000
VCB,20190809,59901.66717139442,60434.46471929755,59673.32536515023,59749.43930056496,720950
VCB,20190808,59749.43930056496,60738.920460956484,59444.98355890603,59749.43930056496,812530
VCB,20190807,58074.93272144085,59673.32536515023,58074.93272144085,59673.32536515023,592830
VCB,20190806,58151.04665685558,58531.61633392924,57694.36304436719,58074.93272144085,1202520
VCB,20190805,60282.23684846809,60662.80652554175,58683.84420475871,58912.1860110029,857570
VCB,20190802,60662.80652554175,61271.71800885961,60206.122913053354,60206.122913053354,705000
VCB,20190801,61043.376202615415,61271.71800885961,60662.80652554175,61271.71800885961,538850
VCB,20190731,60891.148331785946,61271.71800885961,60586.692590127015,61043.376202615415,512820
VCB,20190730,62413.4270400806,62793.99671715426,61347.831944274345,61347.831944274345,1633490
VCB,20190729,59749.43930056496,61652.287685933275,59597.21142973549,61652.287685933275,986830
VCB,20190726,59140.5278172471,60662.80652554175,58988.29994641764,59749.43930056496,942260
VCB,20190725,58531.61633392924,59216.64175266183,58379.38846309978,59140.5278172471,831360
VCB,20190724,60510.578654712284,60510.578654712284,58227.16059227031,58531.61633392924,1717620
VCB,20190723,60053.89504222389,60358.35078388282,59749.43930056496,60053.89504222389,659640
VCB,20190722,60130.00897763862,60510.578654712284,59901.66717139442,60130.00897763862,1004520
VCB,20190719,58151.04665685558,60738.920460956484,58151.04665685558,60130.00897763862,1368760
VCB,20190718,57770.47697978192,58759.95814017344,57542.13517353772,58151.04665685558,1151680
VCB,20190717,58227.16059227031,58683.84420475871,57694.36304436719,57998.81878602612,802350
VCB,20190716,57466.02123812299,59368.8696234913,57389.907302708256,58759.95814017344,2017200
VCB,20190715,56095.9704006578,57085.451561049325,56095.9704006578,57085.451561049325,1217930
VCB,20190712,56324.312206902,56704.881883975664,56019.85646524307,56095.9704006578,978210
VCB,20190711,55258.71711109575,56780.995819390395,55258.71711109575,56324.312206902,1486980
VCB,20190710,55182.60317568101,55334.83104651048,54725.91956319262,55182.60317568101,736160
VCB,20190709,54421.46382153369,54725.91956319262,53736.4384028011,54725.91956319262,740550
VCB,20190708,54802.03349860735,55030.37530485155,54040.89414446003,54269.23595070423,987310
VCB,20190705,55182.60317568101,55258.71711109575,54802.03349860735,55258.71711109575,463620
VCB,20190704,53279.754790312705,55182.60317568101,53051.412984068505,55182.60317568101,1125010
VCB,20190703,53660.32446738637,54040.89414446003,52975.299048653775,52975.299048653775,816720
VCB,20190702,54421.46382153369,54421.46382153369,53508.096596556905,53660.32446738637,453020
VCB,20190701,54040.89414446003,54725.91956319262,53964.7802090453,54269.23595070423,565640
VCB,20190628,52975.299048653775,54802.03349860735,52061.93182367698,53660.32446738637,897140
VCB,20190627,54040.89414446003,54040.89414446003,52823.07117782431,52899.185113239044,1344190
VCB,20190626,55106.48924026628,55182.60317568101,53660.32446738637,53660.32446738637,1254850
VCB,20190625,55410.94498192521,55410.94498192521,54802.03349860735,55106.48924026628,811320
VCB,20190624,54421.46382153369,56172.084336072534,54040.89414446003,55563.17285275468,1475410
VCB,20190621,54421.46382153369,54802.03349860735,54040.89414446003,54040.89414446003,1785930
VCB,20190620,53051.412984068505,54421.46382153369,52975.299048653775,54421.46382153369,1212390
VCB,20190619,53584.210531971636,53812.55233821583,52823.07117782431,53127.526919483236,1419470
VCB,20190618,52518.61543616538,53660.32446738637,51909.70395284752,53508.096596556905,1352120
VCB,20190617,52670.843306994844,53508.096596556905,52518.61543616538,52670.843306994844,1398540
VCB,20190614,51376.90640494439,52975.299048653775,51224.67853411493,52670.843306994844,2755770
VCB,20190613,50996.33672787073,51376.90640494439,50539.65311538234,51224.67853411493,580960
